profile,source_process_uuid,upstream_process,input_flow,unlinked_amount_per_kg_product,unit,reason,avoided_product
zinc,230e8d51-1f4d-3459-be47-429b0b828add,"Zinc, Special High Grade",Nuclear energy,0.012691325519587,MJ,no matching provider with matching unit,False
zinc,230e8d51-1f4d-3459-be47-429b0b828add,"Zinc, Special High Grade","Slag, production residue, recovered",0.0522998869123757,kg,no matching provider with matching unit,False
zinc,230e8d51-1f4d-3459-be47-429b0b828add,"Zinc, Special High Grade","Zinc waste inputs (50% Zn), life cycle production residue, recovered",0.035843031025380806,kg,no matching provider with matching unit,False
zinc,230e8d51-1f4d-3459-be47-429b0b828add,"Zinc, Special High Grade","Tailings, stockpiled, on-site, for unspecified beneficial use",5.04504646078333,kg,no matching provider with matching unit,False
zinc,230e8d51-1f4d-3459-be47-429b0b828add,"Zinc, Special High Grade","Overburden, stockpiled, on-site, for unspecified beneficial use",44.4969069435986,kg,no matching provider with matching unit,False
zinc,230e8d51-1f4d-3459-be47-429b0b828add,"Zinc, Special High Grade","Zinc scrap, life cycle production residue, recovered",0.0512851617279055,kg,no matching provider with matching unit,False
PP,238589f8-deaf-3218-84e9-703a9bd7f3e1,"Fertilizer, stover, 2022","Potassium chloride, as K2O, at regional storehouse",7.618053461113303e-08,kg,no matching provider with matching unit,False
PP,34156f3c-28ef-33db-9ad0-6293a2aa0d52,"Transport, combination truck, diesel powered","Diesel, dispensed at pump",27.957493936553146,btu,no matching provider with matching unit,False
PP,dacaeae9-aeed-3366-912d-6a31de09eef9,"Nitrogen fertilizer, production mix, at plant","Natural gas, production mixture, to material use",1.458097782348939e-07,m3,no matching provider with matching unit,False
PP,26465530-69ff-3c68-834f-c67ccb6ee1b2,"Bituminous coal, combusted in industrial boiler","Transport, pipeline, coal slurry",5.1303482334453635e-09,t*km,no matching provider with matching unit,False
PP,f347daea-82be-4e62-8872-a0dc0ca24ca3,"Natural gas, combusted in industrial boiler","Natural gas, production mixture, to energy use",0.04128010738622092,m3,no matching provider with matching unit,False
PP,0aaf1e13-5d80-37f9-b7bb-81a6b8965c71,"Petroleum refining, at refinery","Liquefied petroleum gas, at refinery",1.388797622655519e-07,m3,no matching provider with matching unit,False
PP,0aaf1e13-5d80-37f9-b7bb-81a6b8965c71,"Petroleum refining, at refinery","Methyl tert-butyl, at plant",5.718578446228606e-07,kg,no matching provider with matching unit,False
PP,0aaf1e13-5d80-37f9-b7bb-81a6b8965c71,"Petroleum refining, at refinery","Residual fuel oil, at refinery",1.5930325671636832e-10,m3,no matching provider with matching unit,False
PP,b355f122-dc4e-4224-aafa-d43c3b57db7b,"Natural gas, combusted in industrial equipment","Natural gas, production mixture, to energy use",-0.0008196930954287862,m3,no matching provider with matching unit,False
PP,1b6afe73-a064-33a3-87b0-265ae10851e9,"Sulfuric acid, at plant","Natural gas, combusted in industrial boiler",1.231759363474152e-05,MJ,no matching provider with matching unit,True
PP,64c379de-b24a-36d0-9170-d61d9d9d7278,"Ethanol, 85%, at blending terminal, 2022","Gasoline, at refinery",3.3772290423870095e-06,l,no matching provider with matching unit,False
PP,64c379de-b24a-36d0-9170-d61d9d9d7278,"Ethanol, 85%, at blending terminal, 2022","Energy, output, from gasoline",0.00010729196880814113,MJ,no matching provider with matching unit,False
PP,eaff3c91-b8ce-38a1-a3ba-1fe0c9d4041c,"Transport, barge, residual fuel oil powered","Residual fuel oil, at refinery",0.00015522147386158683,l,no matching provider with matching unit,False
PP,f85fcdde-6c6b-3bbb-8efc-de6cb34c9ac7,"Transport, ocean freighter, residual fuel oil powered","Residual fuel oil, at refinery",4.4616658348652524e-08,l,no matching provider with matching unit,False
PP,d3e13675-1455-375f-a557-bb8234de75ff,"Gasoline, combusted in equipment","Gasoline, at refinery",4.063556664999904e-06,l,no matching provider with matching unit,False
PP,9d9b6815-9349-30af-869b-57362428c42e,"Residual fuel oil, combusted in industrial boiler","Residual fuel oil, at refinery",-0.002839195385787553,l,no matching provider with matching unit,False
PP,8dcef86f-cf2c-4207-91aa-1398401fe8b7,"Natural gas, at processing, conventional, kg","Transport, pipeline, natural gas",0.00013920450383785526,t*mi,no matching provider with matching unit,False
PP,7bfdfa88-b857-4a4a-bbb9-3f51ddc15d30,"Natural gas, at processing, shale, kg","Transport, pipeline, natural gas",0.00013374550368735116,t*mi,no matching provider with matching unit,False
PP,dfa7acbc-4a41-3329-951d-b6cde899c91e,"Sulfur, at plant","Natural gas, combusted in industrial boiler",1.2335866795342838e-05,MJ,no matching provider with matching unit,True
PP,0879167f-989b-3e3b-b9c5-3c07ea0a3f8e,"Ethanol, denatured, corn stover, biochemical","Energy, output",3.669272460331429e-06,MJ,no matching provider with matching unit,False
PP,0879167f-989b-3e3b-b9c5-3c07ea0a3f8e,"Ethanol, denatured, corn stover, biochemical","Chemicals inorganic, at plant",9.880410536606738e-11,kg,no matching provider with matching unit,False
PP,0879167f-989b-3e3b-b9c5-3c07ea0a3f8e,"Ethanol, denatured, corn stover, biochemical","Gasoline, at refinery",2.4129002573608036e-08,l,no matching provider with matching unit,False
PP,0879167f-989b-3e3b-b9c5-3c07ea0a3f8e,"Ethanol, denatured, corn stover, biochemical","Sulphite, at plant",1.7316719519421284e-11,kg,no matching provider with matching unit,False
PP,0879167f-989b-3e3b-b9c5-3c07ea0a3f8e,"Ethanol, denatured, corn stover, biochemical",Sodium hydroxide; at plant,1.7316719519421284e-11,kg,no matching provider with matching unit,False
PP,0898854c-e38f-3d23-880f-f8da7d65ca0c,"Ethanol, denatured, switchgrass, biochemical",Sodium hydroxide; at plant,1.7316719519421937e-11,kg,no matching provider with matching unit,False
PP,0898854c-e38f-3d23-880f-f8da7d65ca0c,"Ethanol, denatured, switchgrass, biochemical","Chemicals inorganic, at plant",9.880410536607109e-11,kg,no matching provider with matching unit,False
PP,0898854c-e38f-3d23-880f-f8da7d65ca0c,"Ethanol, denatured, switchgrass, biochemical","Energy, output",3.6692724603315666e-06,MJ,no matching provider with matching unit,False
PP,0898854c-e38f-3d23-880f-f8da7d65ca0c,"Ethanol, denatured, switchgrass, biochemical","Gasoline, at refinery",2.4129002573608943e-08,l,no matching provider with matching unit,False
PP,0898854c-e38f-3d23-880f-f8da7d65ca0c,"Ethanol, denatured, switchgrass, biochemical","Sulphite, at plant",1.7316719519421937e-11,kg,no matching provider with matching unit,False
PP,d9cadd89-4203-375a-903a-63197cd29c6a,"Ethanol, denatured, forest residues, thermochem","Energy, output",7.668245542441097e-07,MJ,no matching provider with matching unit,False
PP,d9cadd89-4203-375a-903a-63197cd29c6a,"Ethanol, denatured, forest residues, thermochem","Magnesium oxide, at plant",2.0256649634381294e-10,kg,no matching provider with matching unit,False
PP,d9cadd89-4203-375a-903a-63197cd29c6a,"Ethanol, denatured, forest residues, thermochem","Chemicals inorganic, at plant",2.9062830009992125e-11,kg,no matching provider with matching unit,False
PP,d9cadd89-4203-375a-903a-63197cd29c6a,"Ethanol, denatured, forest residues, thermochem","Gasoline, at refinery",5.33086588511948e-08,l,no matching provider with matching unit,False
PP,d9cadd89-4203-375a-903a-63197cd29c6a,"Ethanol, denatured, forest residues, thermochem",Sodium hydroxide; at plant,2.557534166711889e-11,kg,no matching provider with matching unit,False
PP,d9cadd89-4203-375a-903a-63197cd29c6a,"Ethanol, denatured, forest residues, thermochem","Sulphite, at plant",2.557534166711889e-11,kg,no matching provider with matching unit,False
PP,d9cadd89-4203-375a-903a-63197cd29c6a,"Ethanol, denatured, forest residues, thermochem","Monoethanolamine, MEA, at plant",1.7438082443438914e-09,kg,no matching provider with matching unit,False
PP,8e3e47ea-ed49-329e-8931-29115917bc81,"Ethanol, denatured, corn dry mill","Yeast paste, from whey, at fermentation",2.0506074451895762e-08,kg,no matching provider with matching unit,False
PP,8e3e47ea-ed49-329e-8931-29115917bc81,"Ethanol, denatured, corn dry mill",Sodium hydroxide; at plant,7.894838663979868e-08,kg,no matching provider with matching unit,False
PP,8e3e47ea-ed49-329e-8931-29115917bc81,"Ethanol, denatured, corn dry mill","Heat, at cogen with ignition biogas engine, allocation exergy",4.257402824121092e-06,MJ,no matching provider with matching unit,False
PP,8e3e47ea-ed49-329e-8931-29115917bc81,"Ethanol, denatured, corn dry mill","Energy, output",0.00010218860435194722,MJ,no matching provider with matching unit,False
PP,8e3e47ea-ed49-329e-8931-29115917bc81,"Ethanol, denatured, corn dry mill","Gasoline, at refinery",9.091026340340455e-08,l,no matching provider with matching unit,False
PP,7aa8e2ff-0e2f-3e6c-b168-ec5168b4be6a,"Ethanol, denatured, wheat straw, biochemical","Energy, output",3.66927246033144e-06,MJ,no matching provider with matching unit,False
PP,7aa8e2ff-0e2f-3e6c-b168-ec5168b4be6a,"Ethanol, denatured, wheat straw, biochemical","Gasoline, at refinery",2.412900257360811e-08,l,no matching provider with matching unit,False
PP,7aa8e2ff-0e2f-3e6c-b168-ec5168b4be6a,"Ethanol, denatured, wheat straw, biochemical","Sulphite, at plant",1.7316719519421336e-11,kg,no matching provider with matching unit,False
PP,7aa8e2ff-0e2f-3e6c-b168-ec5168b4be6a,"Ethanol, denatured, wheat straw, biochemical",Sodium hydroxide; at plant,1.7316719519421336e-11,kg,no matching provider with matching unit,False
PP,7aa8e2ff-0e2f-3e6c-b168-ec5168b4be6a,"Ethanol, denatured, wheat straw, biochemical","Chemicals inorganic, at plant",9.880410536606768e-11,kg,no matching provider with matching unit,False
PP,3dd59224-ecba-3fb1-a2c9-9c01947b08b1,"Enzyme, Cellulase, Novozyme Celluclast","Transformation, to industrial area",6.418466114871837e-08,m2,no matching provider with matching unit,False
PP,3dd59224-ecba-3fb1-a2c9-9c01947b08b1,"Enzyme, Cellulase, Novozyme Celluclast","Transformation, from pasture and meadow",6.418466114871837e-08,m2,no matching provider with matching unit,False
PP,309485bd-a13b-4539-a23c-036c0b23b4f5,Silica sand Bridge; USLCI to USEEIO,"Sand, gravel, clay, phosphate, other nonmetallic minerals",4.315456391069894e-10,USD,no matching provider with matching unit,False
PP,88aee762-4aa0-301f-b579-cca5d636aa0d,"Soybean oil, crude, degummed, at plant","Heat, from landfill gas",1.1883960401486638e-08,MJ,no matching provider with matching unit,False
PP,88aee762-4aa0-301f-b579-cca5d636aa0d,"Soybean oil, crude, degummed, at plant","Heat, from biomass ",2.3767920802973277e-08,MJ,no matching provider with matching unit,False
PP,88aee762-4aa0-301f-b579-cca5d636aa0d,"Soybean oil, crude, degummed, at plant","Hexane, at plant",1.1142411470916328e-09,kg,no matching provider with matching unit,False
PP,5a782377-d196-304c-baec-fea559a4dfe2,"Enzyme, Glucoamylase, Novozyme Spirizyme","Transformation, to industrial area",1.6063091653985015e-08,m2,no matching provider with matching unit,False
PP,5a782377-d196-304c-baec-fea559a4dfe2,"Enzyme, Glucoamylase, Novozyme Spirizyme","Transformation, from pasture and meadow",1.6063091653985015e-08,m2,no matching provider with matching unit,False
PP,8504caf4-bea5-3ab2-b8f9-d4861e819f92,"Corn grain, harvested and stored","Fodder loading, by self-loading trailer",6.672095737848416e-08,m3,no matching provider with matching unit,False
PP,8504caf4-bea5-3ab2-b8f9-d4861e819f92,"Corn grain, harvested and stored","Transport, tractor and trailer",3.864193597510824e-08,t*km,no matching provider with matching unit,False
PP,391ccf45-4b61-37e9-a2f2-3e19afc0d4ef,"Enzyme, Alpha-amylase, Novozyme Liquozyme","Transformation, to industrial area",3.280971912303322e-09,m2,no matching provider with matching unit,False
PP,391ccf45-4b61-37e9-a2f2-3e19afc0d4ef,"Enzyme, Alpha-amylase, Novozyme Liquozyme","Transformation, from pasture and meadow",3.280971912303322e-09,m2,no matching provider with matching unit,False
PP,4eec7a31-b920-3f91-b7c3-924f2aa92ecc,"Liquefied petroleum gas, combusted in industrial boiler","Liquefied petroleum gas, at refinery",2.5764493101987253e-09,l,no matching provider with matching unit,False
PP,4be84642-28cb-3508-9189-d8afcec42d92,"Corn stover, ground and stored","Fodder loading, by self-loading trailer",1.4142497228701812e-08,m3,no matching provider with matching unit,False
PP,4be84642-28cb-3508-9189-d8afcec42d92,"Corn stover, ground and stored","Agricultural machinery, general, production",4.586590575414086e-09,kg,no matching provider with matching unit,False
PP,4be84642-28cb-3508-9189-d8afcec42d92,"Corn stover, ground and stored",Loading bales,7.287582803157936e-09,Item(s),no matching provider with matching unit,False
PP,25b4ad17-ccd9-36ff-8ed5-4ad7b4814ae3,"Switchgrass, ground and stored, 2022","Agricultural machinery, general, production",4.586590575414659e-09,kg,no matching provider with matching unit,False
PP,25b4ad17-ccd9-36ff-8ed5-4ad7b4814ae3,"Switchgrass, ground and stored, 2022",Loading bales,7.287582803158846e-09,Item(s),no matching provider with matching unit,False
PP,25b4ad17-ccd9-36ff-8ed5-4ad7b4814ae3,"Switchgrass, ground and stored, 2022","Fodder loading, by self-loading trailer",1.1544448478318694e-08,m3,no matching provider with matching unit,False
PP,96087256-d181-30c8-ae17-f25e1f0eab0c,"Forest residue, dried, stored","Conveyor belt, at plant",3.4401587403197415e-10,m,no matching provider with matching unit,False
PP,96087256-d181-30c8-ae17-f25e1f0eab0c,"Forest residue, dried, stored","Fodder loading, by self-loading trailer",2.2427811305857515e-05,m3,no matching provider with matching unit,False
PP,956b53b9-dd05-35ae-a072-69f1f6906290,"Soybean grains, at field","Agrochemicals, at plant",1.02492116757072e-09,kg,no matching provider with matching unit,False
PP,956b53b9-dd05-35ae-a072-69f1f6906290,"Soybean grains, at field","Potash Fertilizer (K2O), at plant",1.833032088155326e-08,kg,no matching provider with matching unit,False
PP,1cbbcd09-ea17-3d9b-bc34-2cf42efe26ba,"Corn, production, average, US, 2022","Transformation, to arable",1.989931181866716e-05,m2,no matching provider with matching unit,False
PP,1cbbcd09-ea17-3d9b-bc34-2cf42efe26ba,"Corn, production, average, US, 2022",Planting,1.989931181866716e-05,m2,no matching provider with matching unit,False
PP,1cbbcd09-ea17-3d9b-bc34-2cf42efe26ba,"Corn, production, average, US, 2022","Transformation, from arable",1.989931181866716e-05,m2,no matching provider with matching unit,False
PP,1cbbcd09-ea17-3d9b-bc34-2cf42efe26ba,"Corn, production, average, US, 2022",Irrigating,7.641335738368189e-07,m3,no matching provider with matching unit,False
PP,1cbbcd09-ea17-3d9b-bc34-2cf42efe26ba,"Corn, production, average, US, 2022",Seed corn,4.537043094656113e-08,kg,no matching provider with matching unit,False
PP,45b70b50-20a0-341b-8e2f-c196974d1541,"Transport, single unit truck, diesel powered","Diesel, dispensed at pump",7.285778802399465e-05,btu,no matching provider with matching unit,False
PP,4e38a874-76e2-3c20-bc6a-eea62883ebaa,"Winter wheat straw, ground and stored","Agricultural machinery, general, production",2.29329528770715e-09,kg,no matching provider with matching unit,False
PP,4e38a874-76e2-3c20-bc6a-eea62883ebaa,"Winter wheat straw, ground and stored",Loading bales,3.6437914015791378e-09,Item(s),no matching provider with matching unit,False
PP,4e38a874-76e2-3c20-bc6a-eea62883ebaa,"Winter wheat straw, ground and stored","Fodder loading, by self-loading trailer",7.071248614351235e-09,m3,no matching provider with matching unit,False
PP,3cfa52ac-c3d6-3ce2-b8f4-211bf63d7088,"Spring wheat straw, ground and stored, 2022","Agricultural machinery, general, production",2.29329528770715e-09,kg,no matching provider with matching unit,False
PP,3cfa52ac-c3d6-3ce2-b8f4-211bf63d7088,"Spring wheat straw, ground and stored, 2022","Fodder loading, by self-loading trailer",7.071124521595111e-09,m3,no matching provider with matching unit,False
PP,3cfa52ac-c3d6-3ce2-b8f4-211bf63d7088,"Spring wheat straw, ground and stored, 2022",Loading bales,3.6437914015791378e-09,Item(s),no matching provider with matching unit,False
PP,c0138d7e-3eac-3b37-b27a-58c9d5a2d1cf,"Corn stover, carted",Baling,1.5449568254026395e-05,m2,no matching provider with matching unit,False
PP,c0138d7e-3eac-3b37-b27a-58c9d5a2d1cf,"Corn stover, carted","Transport, tractor and trailer",5.324188249912256e-09,t*km,no matching provider with matching unit,False
PP,ccc739c2-aec2-30d0-a1f1-a7ae81af1e8a,Grinding,"Agricultural machinery, general, production",5.920219473881004e-09,kg,no matching provider with matching unit,False
PP,2e8facf6-46aa-4ddb-95de-a4e2a00eb2bb,"Polypropylene, PP, virgin resin, at plant","Nitrogen, liquid, at plant",0.06399999999999999,kg,no matching provider with matching unit,False
PP,727c4049-41db-3645-a4f9-af66fa92dee0,"Switchgrass, carted, 2022","Transport, tractor and trailer",5.544925609768112e-09,t*km,no matching provider with matching unit,False
PP,515c5359-a186-3394-b849-8676652228db,"Forest residue, processed and loaded, at landing system","Transformation, to arable, non-irrigated, fallow",2.7733224637929887e-12,m2,no matching provider with matching unit,False
PP,515c5359-a186-3394-b849-8676652228db,"Forest residue, processed and loaded, at landing system","Transformation, from dump site, residual material landfill",2.139829406917249e-11,m2,no matching provider with matching unit,False
PP,515c5359-a186-3394-b849-8676652228db,"Forest residue, processed and loaded, at landing system","Transformation, from shrub land, sclerophyllous",1.5193815381191492e-10,m2,no matching provider with matching unit,False
PP,515c5359-a186-3394-b849-8676652228db,"Forest residue, processed and loaded, at landing system","Transformation, to mineral extraction site",3.5753823607642865e-08,m2,no matching provider with matching unit,False
PP,515c5359-a186-3394-b849-8676652228db,"Forest residue, processed and loaded, at landing system","Transformation, to dump site, residual material landfill",2.139867703199576e-11,m2,no matching provider with matching unit,False
PP,515c5359-a186-3394-b849-8676652228db,"Forest residue, processed and loaded, at landing system","Transformation, to pasture and meadow",2.74920713299623e-12,m2,no matching provider with matching unit,False
PP,515c5359-a186-3394-b849-8676652228db,"Forest residue, processed and loaded, at landing system","Transformation, to dump site, benthos",8.202570857083735e-09,m2,no matching provider with matching unit,False
PP,515c5359-a186-3394-b849-8676652228db,"Forest residue, processed and loaded, at landing system","Transformation, to industrial area",1.174959877626924e-10,m2,no matching provider with matching unit,False
PP,515c5359-a186-3394-b849-8676652228db,"Forest residue, processed and loaded, at landing system","Transformation, to shrub land, sclerophyllous",1.3064037759514012e-10,m2,no matching provider with matching unit,False
PP,515c5359-a186-3394-b849-8676652228db,"Forest residue, processed and loaded, at landing system","Transformation, to forest, intensive, short-cycle",1.9242837261939174e-11,m2,no matching provider with matching unit,False
PP,515c5359-a186-3394-b849-8676652228db,"Forest residue, processed and loaded, at landing system","Transformation, to dump site, inert material landfill",1.0828530035557781e-10,m2,no matching provider with matching unit,False
PP,515c5359-a186-3394-b849-8676652228db,"Forest residue, processed and loaded, at landing system","Transformation, to arable",6.831007485007884e-11,m2,no matching provider with matching unit,False
PP,515c5359-a186-3394-b849-8676652228db,"Forest residue, processed and loaded, at landing system","Transformation, to heterogeneous, agricultural",1.3801835415971637e-09,m2,no matching provider with matching unit,False
PP,515c5359-a186-3394-b849-8676652228db,"Forest residue, processed and loaded, at landing system","Transformation, to forest, intensive, clear-cutting",1.9242837261939174e-11,m2,no matching provider with matching unit,False
PP,515c5359-a186-3394-b849-8676652228db,"Forest residue, processed and loaded, at landing system","Transformation, to water courses, artificial",1.2478750103069033e-10,m2,no matching provider with matching unit,False
PP,515c5359-a186-3394-b849-8676652228db,"Forest residue, processed and loaded, at landing system","Transformation, to industrial area, vegetation",1.2522554397645578e-10,m2,no matching provider with matching unit,False
PP,515c5359-a186-3394-b849-8676652228db,"Forest residue, processed and loaded, at landing system","Transformation, from unknown",1.0831296177828226e-08,m2,no matching provider with matching unit,False
PP,515c5359-a186-3394-b849-8676652228db,"Forest residue, processed and loaded, at landing system","Transformation, from tropical rain forest",1.9242837261939174e-11,m2,no matching provider with matching unit,False
PP,515c5359-a186-3394-b849-8676652228db,"Forest residue, processed and loaded, at landing system","Transformation, to forest",7.061331215635476e-10,m2,no matching provider with matching unit,False
PP,515c5359-a186-3394-b849-8676652228db,"Forest residue, processed and loaded, at landing system","Transformation, from forest",2.9239505521290182e-08,m2,no matching provider with matching unit,False
PP,515c5359-a186-3394-b849-8676652228db,"Forest residue, processed and loaded, at landing system","Transformation, from pasture and meadow",2.457202924606507e-10,m2,no matching provider with matching unit,False
PP,515c5359-a186-3394-b849-8676652228db,"Forest residue, processed and loaded, at landing system","Transformation, from dump site, inert material landfill",1.0828530035557781e-10,m2,no matching provider with matching unit,False
PP,515c5359-a186-3394-b849-8676652228db,"Forest residue, processed and loaded, at landing system","Transformation, from industrial area",1.6084611180415372e-11,m2,no matching provider with matching unit,False
PP,515c5359-a186-3394-b849-8676652228db,"Forest residue, processed and loaded, at landing system","Transformation, from arable, non-irrigated",5.53690733367657e-09,m2,no matching provider with matching unit,False
PP,515c5359-a186-3394-b849-8676652228db,"Forest residue, processed and loaded, at landing system","Transformation, to industrial area, built up",1.4298377281452634e-10,m2,no matching provider with matching unit,False
PP,515c5359-a186-3394-b849-8676652228db,"Forest residue, processed and loaded, at landing system","Transformation, to arable, non-irrigated",5.541394741012087e-09,m2,no matching provider with matching unit,False
PP,515c5359-a186-3394-b849-8676652228db,"Forest residue, processed and loaded, at landing system","Transformation, from mineral extraction site",6.521813100311542e-10,m2,no matching provider with matching unit,False
PP,515c5359-a186-3394-b849-8676652228db,"Forest residue, processed and loaded, at landing system","Transformation, from arable",7.93908767011118e-12,m2,no matching provider with matching unit,False
PP,515c5359-a186-3394-b849-8676652228db,"Forest residue, processed and loaded, at landing system","Transformation, to traffic area, road network",6.127221422125691e-10,m2,no matching provider with matching unit,False
PP,515c5359-a186-3394-b849-8676652228db,"Forest residue, processed and loaded, at landing system","Transformation, from pasture and meadow, intensive",4.518064138801659e-12,m2,no matching provider with matching unit,False
PP,515c5359-a186-3394-b849-8676652228db,"Forest residue, processed and loaded, at landing system","Transformation, to permanent crop, fruit, intensive",1.0967824222272466e-11,m2,no matching provider with matching unit,False
PP,515c5359-a186-3394-b849-8676652228db,"Forest residue, processed and loaded, at landing system","Transformation, to unknown",4.0706724052795394e-11,m2,no matching provider with matching unit,False
PP,515c5359-a186-3394-b849-8676652228db,"Forest residue, processed and loaded, at landing system","Transformation, to forest, intensive",4.933944504579535e-11,m2,no matching provider with matching unit,False
PP,515c5359-a186-3394-b849-8676652228db,"Forest residue, processed and loaded, at landing system","Transformation, from sea and ocean",8.206422060686787e-09,m2,no matching provider with matching unit,False
PP,515c5359-a186-3394-b849-8676652228db,"Forest residue, processed and loaded, at landing system","Transformation, from forest, intensive, clear-cutting",1.9242837261939174e-11,m2,no matching provider with matching unit,False
PP,515c5359-a186-3394-b849-8676652228db,"Forest residue, processed and loaded, at landing system","Transformation, to dump site",1.1453110037260042e-10,m2,no matching provider with matching unit,False
PP,515c5359-a186-3394-b849-8676652228db,"Forest residue, processed and loaded, at landing system","Transformation, to industrial area, benthos",3.8577403109789795e-12,m2,no matching provider with matching unit,False
PP,515c5359-a186-3394-b849-8676652228db,"Forest residue, processed and loaded, at landing system","Transformation, from arable, non-irrigated, fallow",1.7692370919126588e-12,m2,no matching provider with matching unit,False
PP,515c5359-a186-3394-b849-8676652228db,"Forest residue, processed and loaded, at landing system","Transformation, to traffic area, road embankment",7.182906899162703e-11,m2,no matching provider with matching unit,False
PP,515c5359-a186-3394-b849-8676652228db,"Forest residue, processed and loaded, at landing system","Transformation, to traffic area, rail network",4.332261814121797e-12,m2,no matching provider with matching unit,False
PP,515c5359-a186-3394-b849-8676652228db,"Forest residue, processed and loaded, at landing system","Transformation, to traffic area, rail embankment",3.941235825471695e-12,m2,no matching provider with matching unit,False
PP,515c5359-a186-3394-b849-8676652228db,"Forest residue, processed and loaded, at landing system","Transformation, from forest, extensive",8.701659245544742e-10,m2,no matching provider with matching unit,False
PP,515c5359-a186-3394-b849-8676652228db,"Forest residue, processed and loaded, at landing system","Transformation, to forest, intensive, normal",7.997688713246267e-10,m2,no matching provider with matching unit,False
PP,515c5359-a186-3394-b849-8676652228db,"Forest residue, processed and loaded, at landing system","Transformation, to water bodies, artificial",1.7527244721316266e-09,m2,no matching provider with matching unit,False
PP,630010e9-27e1-3ea8-9845-b87832b536f4,"Harvest, corn, single pass",Combine harvesting,2.5514398084748728e-05,m2,no matching provider with matching unit,False
PP,24ccf5c5-25f5-35da-bead-5edf4e14cdc1,"Fertilizer, corn, 2022","Potassium nitrate, as K2O, at regional storehouse",1.8705353109547133e-07,kg,no matching provider with matching unit,False
PP,24ccf5c5-25f5-35da-bead-5edf4e14cdc1,"Fertilizer, corn, 2022","Slurry spreading, by vacuum tanker",2.0098304936853835e-09,m3,no matching provider with matching unit,False
PP,24ccf5c5-25f5-35da-bead-5edf4e14cdc1,"Fertilizer, corn, 2022","Solid manure loading and spreading, by hydraulic loader and spreader",6.009592169237483e-09,kg,no matching provider with matching unit,False
PP,d5b0f333-d1b3-3ba1-8111-b036b67589f8,"Tillage, conservation, corn production","Tillage, cultivating, chiselling",0.08039321974741535,m2,no matching provider with matching unit,False
PP,d5b0f333-d1b3-3ba1-8111-b036b67589f8,"Tillage, conservation, corn production","Fertilising, by broadcaster",0.1607864394948307,m2,no matching provider with matching unit,False
PP,d7a673e2-dc84-31fa-b15c-a03a6863c8dd,"Tillage, intensive, corn production","Tillage, ploughing",1.408871276761635e-05,m2,no matching provider with matching unit,False
PP,d7a673e2-dc84-31fa-b15c-a03a6863c8dd,"Tillage, intensive, corn production","Tillage, rolling",7.044356383808175e-06,m2,no matching provider with matching unit,False
PP,d7a673e2-dc84-31fa-b15c-a03a6863c8dd,"Tillage, intensive, corn production","Fertilising, by broadcaster",7.044356383808175e-06,m2,no matching provider with matching unit,False
PP,d7a673e2-dc84-31fa-b15c-a03a6863c8dd,"Tillage, intensive, corn production","Tillage, rotary cultivator",1.408871276761635e-05,m2,no matching provider with matching unit,False
PP,d67585e4-5ddf-3722-a4cc-0b7576a05b07,"Tillage, reduce, corn production","Fertilising, by broadcaster",4.815633460117453e-06,m2,no matching provider with matching unit,False
PP,d67585e4-5ddf-3722-a4cc-0b7576a05b07,"Tillage, reduce, corn production","Tillage, rolling",4.815633460117453e-06,m2,no matching provider with matching unit,False
PP,d67585e4-5ddf-3722-a4cc-0b7576a05b07,"Tillage, reduce, corn production","Tillage, rotary cultivator",4.815633460117453e-06,m2,no matching provider with matching unit,False
PP,d67585e4-5ddf-3722-a4cc-0b7576a05b07,"Tillage, reduce, corn production","Tillage, cultivating, chiselling",4.815633460117453e-06,m2,no matching provider with matching unit,False
PP,2813d2f3-6813-34d8-b47b-b464f390bcaf,"Pesticide, corn, 2022","Organophosphorus-compounds, at regional storehouse",1.528267147673638e-11,kg,no matching provider with matching unit,False
PP,2813d2f3-6813-34d8-b47b-b464f390bcaf,"Pesticide, corn, 2022","Application of plant protection products, by field sprayer",3.979862363733432e-05,m2,no matching provider with matching unit,False
PP,2813d2f3-6813-34d8-b47b-b464f390bcaf,"Pesticide, corn, 2022","[sulfonyl]urea-compounds, at regional storehouse",4.7758348364801185e-11,kg,no matching provider with matching unit,False
PP,2813d2f3-6813-34d8-b47b-b464f390bcaf,"Pesticide, corn, 2022","Metolachlor, at regional storehouse",6.905061201077504e-10,kg,no matching provider with matching unit,False
PP,2813d2f3-6813-34d8-b47b-b464f390bcaf,"Pesticide, corn, 2022","Glyphosate, at regional storehouse",6.606571523797498e-10,kg,no matching provider with matching unit,False
PP,2813d2f3-6813-34d8-b47b-b464f390bcaf,"Pesticide, corn, 2022","Pyretroid-compounds, at regional storehouse",1.114361461845361e-12,kg,no matching provider with matching unit,False
PP,2813d2f3-6813-34d8-b47b-b464f390bcaf,"Pesticide, corn, 2022","2,4-D, at regional storehouse",3.22368851462408e-11,kg,no matching provider with matching unit,False
PP,2813d2f3-6813-34d8-b47b-b464f390bcaf,"Pesticide, corn, 2022","Atrazine, at regional storehouse",1.9043641410464472e-09,kg,no matching provider with matching unit,False
PP,2813d2f3-6813-34d8-b47b-b464f390bcaf,"Pesticide, corn, 2022","Alachlor, at regional storehouse",8.516905458389545e-10,kg,no matching provider with matching unit,False
PP,3221bb51-ac5f-36b7-a5c4-d81a5c65ccf0,"Winter wheat straw, carted",Baling,2.434939996653768e-05,m2,no matching provider with matching unit,False
PP,3221bb51-ac5f-36b7-a5c4-d81a5c65ccf0,"Winter wheat straw, carted","Transport, tractor and trailer",2.764938443568686e-09,t*km,no matching provider with matching unit,False
PP,99898750-1f41-3c25-8ee0-aaae4b6697d0,"Spring wheat straw, carted, 2022","Spring wheat straw, production, average, US, 2022",2.5417356105420913e-06,kg,no matching provider with matching unit,False
PP,99898750-1f41-3c25-8ee0-aaae4b6697d0,"Spring wheat straw, carted, 2022",Baling,2.8265239142442863e-05,m2,no matching provider with matching unit,False
PP,99898750-1f41-3c25-8ee0-aaae4b6697d0,"Spring wheat straw, carted, 2022","Transport, tractor and trailer",2.764938443568686e-09,t*km,no matching provider with matching unit,False
PP,4d09380a-6297-392c-b1bb-74534b4d3d8e,"Corn stover, production, average, US, 2022",Hay grown for feed,8.836325168457334e-07,kg,no matching provider with matching unit,False
PP,49d309a8-0c93-4eeb-a342-2fe2254a0bec,"Propylene, materials production, organic compound, at plant, kg","Fuel gas, produced onsite, at cracker, m3",0.11661000000000003,m3,no matching provider with matching unit,False
PP,49d309a8-0c93-4eeb-a342-2fe2254a0bec,"Propylene, materials production, organic compound, at plant, kg","Landfill gas, at cracker, m3",0.0005171400000000001,m3,no matching provider with matching unit,False
PP,70d2004a-9f80-48ce-a86c-50e85dd6a637,"Petroleum refined, for material use, at plant","Petroleum refining coproduct, at refinery",0.14196000000000006,kg,no matching provider with matching unit,False
PP,3ca7a144-e2f3-4963-8c63-768cf0853cee,"Petroleum refined, for energy use, at plant","Petroleum refining coproduct, at refinery",0.02737800000000001,kg,no matching provider with matching unit,False
PP,29d771d7-71ec-3a22-bbd0-8709d5a328e2,"Natural gas, combusted in industrial boiler, at hydrocracker, for ethylene","Natural gas, production mixture, to energy use",0.11458200000000004,m3,no matching provider with matching unit,False
PP,f04300c5-ea44-3525-b6ab-c4b8b27b127e,"Switchgrass, harvested, wet","Mowing, by rotary mower",5.91012915797123e-06,m2,no matching provider with matching unit,False
PP,f04300c5-ea44-3525-b6ab-c4b8b27b127e,"Switchgrass, harvested, wet",Baling,5.91012915797123e-06,m2,no matching provider with matching unit,False
PP,55d8bf4f-025a-3927-bb96-235d37ba79fc,"Lime, agricultural, corn production","Fertilising, by broadcaster",1.989931181866716e-05,m2,no matching provider with matching unit,False
PP,9c36427d-76de-314c-bfca-4d714b71c9a5,"Switchgrass, production, US, 2022","Tillage, rolling",4.280097011942897e-07,m2,no matching provider with matching unit,False
PP,9c36427d-76de-314c-bfca-4d714b71c9a5,"Switchgrass, production, US, 2022","Transformation, from arable",1.4252723049769848e-06,m2,no matching provider with matching unit,False
PP,9c36427d-76de-314c-bfca-4d714b71c9a5,"Switchgrass, production, US, 2022","Transformation, from permanent crop",1.4252723049769848e-06,m2,no matching provider with matching unit,False
PP,9c36427d-76de-314c-bfca-4d714b71c9a5,"Switchgrass, production, US, 2022","Transformation, from pasture and meadow",1.4252723049769848e-06,m2,no matching provider with matching unit,False
PP,9c36427d-76de-314c-bfca-4d714b71c9a5,"Switchgrass, production, US, 2022","Tillage, rotary cultivator",4.280097011942897e-07,m2,no matching provider with matching unit,False
PP,d397dd56-dc53-37a1-956b-5da3aaa81a6f,"Transport, single unit truck, gasoline powered","Gasoline, dispensed at pump",9.094954661875881e-06,btu,no matching provider with matching unit,False
PP,14b0912f-fb6d-321d-8f42-0ea35918689f,"Fertilizer, winter wheat straw, 2022","Potassium chloride, as K2O, at regional storehouse",2.9816513892897606e-08,kg,no matching provider with matching unit,False
PP,786522bf-e3a2-3db6-8794-a8d26a370faa,"Harvest, wheat, single pass",Combine harvesting,1.0949014937719776e-05,m2,no matching provider with matching unit,False
PP,a941c19b-ed3f-34a9-a91b-ee31e2d6ac18,"Planting, switchgrass, 2022",Planting,4.280097011942898e-06,m2,no matching provider with matching unit,False
PP,a941c19b-ed3f-34a9-a91b-ee31e2d6ac18,"Planting, switchgrass, 2022","Grass seed IP, at regional storehouse",2.3968543266880223e-09,kg,no matching provider with matching unit,False
PP,a40d4e00-67c2-3f4c-8c2b-1c67a28e6c5c,"Pesticide, switchgrass","2,4-D, at regional storehouse",2.1400485059714487e-10,kg,no matching provider with matching unit,False
PP,a40d4e00-67c2-3f4c-8c2b-1c67a28e6c5c,"Pesticide, switchgrass","Application of plant protection products, by field sprayer",4.280097011942898e-06,m2,no matching provider with matching unit,False
PP,fef4bce7-747e-30a8-adea-c11de716b08b,"Fertilizer, switchgrass, 2022","Fertilising, by broadcaster",8.560194023885796e-06,m2,no matching provider with matching unit,False
PP,fef4bce7-747e-30a8-adea-c11de716b08b,"Fertilizer, switchgrass, 2022","Potassium chloride, as K2O, at regional storehouse",5.221718354570335e-08,kg,no matching provider with matching unit,False
PP,f3929bea-4d5f-4691-9aef-aa95392ba015,Hydrogen Fluoride Bridge; USLCI to USEEIO,Other basic inorganic chemicals,2.6076717714802447e-08,USD,no matching provider with matching unit,False
PP,a1c4409b-9e9e-4f3b-bec0-f319fef1e3c5,Zeolite Bridge; USLCI to USEEIO,"Sand, gravel, clay, phosphate, other nonmetallic minerals",1.540329990529583e-09,USD,no matching provider with matching unit,False
PP,442ab5b5-32f4-4de0-9aa7-fa989b0579af,"Chemicals organic, at plant Bridge; USLCI to USEEIO",Other basic organic chemicals,5.710305266390862e-09,USD,no matching provider with matching unit,False
PVC,238589f8-deaf-3218-84e9-703a9bd7f3e1,"Fertilizer, stover, 2022","Potassium chloride, as K2O, at regional storehouse",1.1446100864120663e-06,kg,no matching provider with matching unit,False
PVC,34156f3c-28ef-33db-9ad0-6293a2aa0d52,"Transport, combination truck, diesel powered","Diesel, dispensed at pump",127.68810327125925,btu,no matching provider with matching unit,False
PVC,dacaeae9-aeed-3366-912d-6a31de09eef9,"Nitrogen fertilizer, production mix, at plant","Natural gas, production mixture, to material use",2.1907872360976575e-06,m3,no matching provider with matching unit,False
PVC,26465530-69ff-3c68-834f-c67ccb6ee1b2,"Bituminous coal, combusted in industrial boiler","Transport, pipeline, coal slurry",6.756935835535533e-05,t*km,no matching provider with matching unit,False
PVC,f347daea-82be-4e62-8872-a0dc0ca24ca3,"Natural gas, combusted in industrial boiler","Natural gas, production mixture, to energy use",0.3374914278064175,m3,no matching provider with matching unit,False
PVC,0aaf1e13-5d80-37f9-b7bb-81a6b8965c71,"Petroleum refining, at refinery","Liquefied petroleum gas, at refinery",2.0866639686777623e-06,m3,no matching provider with matching unit,False
PVC,0aaf1e13-5d80-37f9-b7bb-81a6b8965c71,"Petroleum refining, at refinery","Methyl tert-butyl, at plant",8.592145753379022e-06,kg,no matching provider with matching unit,False
PVC,0aaf1e13-5d80-37f9-b7bb-81a6b8965c71,"Petroleum refining, at refinery","Residual fuel oil, at refinery",2.3935263170127276e-09,m3,no matching provider with matching unit,False
PVC,b355f122-dc4e-4224-aafa-d43c3b57db7b,"Natural gas, combusted in industrial equipment","Natural gas, production mixture, to energy use",0.010262408695629591,m3,no matching provider with matching unit,False
PVC,1b6afe73-a064-33a3-87b0-265ae10851e9,"Sulfuric acid, at plant","Natural gas, combusted in industrial boiler",0.015215589849273967,MJ,no matching provider with matching unit,True
PVC,64c379de-b24a-36d0-9170-d61d9d9d7278,"Ethanol, 85%, at blending terminal, 2022","Gasoline, at refinery",5.0742757920669825e-05,l,no matching provider with matching unit,False
PVC,64c379de-b24a-36d0-9170-d61d9d9d7278,"Ethanol, 85%, at blending terminal, 2022","Energy, output, from gasoline",0.001612058386248972,MJ,no matching provider with matching unit,False
PVC,eaff3c91-b8ce-38a1-a3ba-1fe0c9d4041c,"Transport, barge, residual fuel oil powered","Residual fuel oil, at refinery",8.26415657433706e-05,l,no matching provider with matching unit,False
PVC,f85fcdde-6c6b-3bbb-8efc-de6cb34c9ac7,"Transport, ocean freighter, residual fuel oil powered","Residual fuel oil, at refinery",5.55125726167056e-05,l,no matching provider with matching unit,False
PVC,d3e13675-1455-375f-a557-bb8234de75ff,"Gasoline, combusted in equipment","Gasoline, at refinery",1.558726807844918e-05,l,no matching provider with matching unit,False
PVC,9d9b6815-9349-30af-869b-57362428c42e,"Residual fuel oil, combusted in industrial boiler","Residual fuel oil, at refinery",-0.0013744420851481123,l,no matching provider with matching unit,False
PVC,8dcef86f-cf2c-4207-91aa-1398401fe8b7,"Natural gas, at processing, conventional, kg","Transport, pipeline, natural gas",6.300363137370305e-05,t*mi,no matching provider with matching unit,False
PVC,7bfdfa88-b857-4a4a-bbb9-3f51ddc15d30,"Natural gas, at processing, shale, kg","Transport, pipeline, natural gas",6.0532900731597045e-05,t*mi,no matching provider with matching unit,False
PVC,dfa7acbc-4a41-3329-951d-b6cde899c91e,"Sulfur, at plant","Natural gas, combusted in industrial boiler",0.015238162189716777,MJ,no matching provider with matching unit,True
PVC,0879167f-989b-3e3b-b9c5-3c07ea0a3f8e,"Ethanol, denatured, corn stover, biochemical","Energy, output",5.513070089790603e-05,MJ,no matching provider with matching unit,False
PVC,0879167f-989b-3e3b-b9c5-3c07ea0a3f8e,"Ethanol, denatured, corn stover, biochemical","Chemicals inorganic, at plant",1.4845285105728662e-09,kg,no matching provider with matching unit,False
PVC,0879167f-989b-3e3b-b9c5-3c07ea0a3f8e,"Ethanol, denatured, corn stover, biochemical","Gasoline, at refinery",3.6253748889779474e-07,l,no matching provider with matching unit,False
PVC,0879167f-989b-3e3b-b9c5-3c07ea0a3f8e,"Ethanol, denatured, corn stover, biochemical","Sulphite, at plant",2.6018315474777083e-10,kg,no matching provider with matching unit,False
PVC,0879167f-989b-3e3b-b9c5-3c07ea0a3f8e,"Ethanol, denatured, corn stover, biochemical",Sodium hydroxide; at plant,2.6018315474777083e-10,kg,no matching provider with matching unit,False
PVC,0898854c-e38f-3d23-880f-f8da7d65ca0c,"Ethanol, denatured, switchgrass, biochemical",Sodium hydroxide; at plant,2.6018315474783235e-10,kg,no matching provider with matching unit,False
PVC,0898854c-e38f-3d23-880f-f8da7d65ca0c,"Ethanol, denatured, switchgrass, biochemical","Chemicals inorganic, at plant",1.4845285105732174e-09,kg,no matching provider with matching unit,False
PVC,0898854c-e38f-3d23-880f-f8da7d65ca0c,"Ethanol, denatured, switchgrass, biochemical","Energy, output",5.5130700897919065e-05,MJ,no matching provider with matching unit,False
PVC,0898854c-e38f-3d23-880f-f8da7d65ca0c,"Ethanol, denatured, switchgrass, biochemical","Gasoline, at refinery",3.6253748889788045e-07,l,no matching provider with matching unit,False
PVC,0898854c-e38f-3d23-880f-f8da7d65ca0c,"Ethanol, denatured, switchgrass, biochemical","Sulphite, at plant",2.6018315474783235e-10,kg,no matching provider with matching unit,False
PVC,d9cadd89-4203-375a-903a-63197cd29c6a,"Ethanol, denatured, forest residues, thermochem","Energy, output",1.152151430515132e-05,MJ,no matching provider with matching unit,False
PVC,d9cadd89-4203-375a-903a-63197cd29c6a,"Ethanol, denatured, forest residues, thermochem","Magnesium oxide, at plant",3.043555103253334e-09,kg,no matching provider with matching unit,False
PVC,d9cadd89-4203-375a-903a-63197cd29c6a,"Ethanol, denatured, forest residues, thermochem","Chemicals inorganic, at plant",4.366680877066834e-10,kg,no matching provider with matching unit,False
PVC,d9cadd89-4203-375a-903a-63197cd29c6a,"Ethanol, denatured, forest residues, thermochem","Gasoline, at refinery",8.009608875238885e-07,l,no matching provider with matching unit,False
PVC,d9cadd89-4203-375a-903a-63197cd29c6a,"Ethanol, denatured, forest residues, thermochem",Sodium hydroxide; at plant,3.8426868733658096e-10,kg,no matching provider with matching unit,False
PVC,d9cadd89-4203-375a-903a-63197cd29c6a,"Ethanol, denatured, forest residues, thermochem","Sulphite, at plant",3.8426868733658096e-10,kg,no matching provider with matching unit,False
PVC,d9cadd89-4203-375a-903a-63197cd29c6a,"Ethanol, denatured, forest residues, thermochem","Monoethanolamine, MEA, at plant",2.620066287842566e-08,kg,no matching provider with matching unit,False
PVC,8e3e47ea-ed49-329e-8931-29115917bc81,"Ethanol, denatured, corn dry mill","Yeast paste, from whey, at fermentation",3.0810311019957766e-07,kg,no matching provider with matching unit,False
PVC,8e3e47ea-ed49-329e-8931-29115917bc81,"Ethanol, denatured, corn dry mill",Sodium hydroxide; at plant,1.186196974268374e-06,kg,no matching provider with matching unit,False
PVC,8e3e47ea-ed49-329e-8931-29115917bc81,"Ethanol, denatured, corn dry mill","Heat, at cogen with ignition biogas engine, allocation exergy",6.396734072926898e-05,MJ,no matching provider with matching unit,False
PVC,8e3e47ea-ed49-329e-8931-29115917bc81,"Ethanol, denatured, corn dry mill","Energy, output",0.0015353804991612287,MJ,no matching provider with matching unit,False
PVC,8e3e47ea-ed49-329e-8931-29115917bc81,"Ethanol, denatured, corn dry mill","Gasoline, at refinery",1.3659237885514608e-06,l,no matching provider with matching unit,False
PVC,7aa8e2ff-0e2f-3e6c-b168-ec5168b4be6a,"Ethanol, denatured, wheat straw, biochemical","Energy, output",5.5130700897911666e-05,MJ,no matching provider with matching unit,False
PVC,7aa8e2ff-0e2f-3e6c-b168-ec5168b4be6a,"Ethanol, denatured, wheat straw, biochemical","Gasoline, at refinery",3.6253748889783185e-07,l,no matching provider with matching unit,False
PVC,7aa8e2ff-0e2f-3e6c-b168-ec5168b4be6a,"Ethanol, denatured, wheat straw, biochemical","Sulphite, at plant",2.601831547477974e-10,kg,no matching provider with matching unit,False
PVC,7aa8e2ff-0e2f-3e6c-b168-ec5168b4be6a,"Ethanol, denatured, wheat straw, biochemical",Sodium hydroxide; at plant,2.601831547477974e-10,kg,no matching provider with matching unit,False
PVC,7aa8e2ff-0e2f-3e6c-b168-ec5168b4be6a,"Ethanol, denatured, wheat straw, biochemical","Chemicals inorganic, at plant",1.4845285105730182e-09,kg,no matching provider with matching unit,False
PVC,3dd59224-ecba-3fb1-a2c9-9c01947b08b1,"Enzyme, Cellulase, Novozyme Celluclast","Transformation, to industrial area",9.64372472820994e-07,m2,no matching provider with matching unit,False
PVC,3dd59224-ecba-3fb1-a2c9-9c01947b08b1,"Enzyme, Cellulase, Novozyme Celluclast","Transformation, from pasture and meadow",9.64372472820994e-07,m2,no matching provider with matching unit,False
PVC,a3e150d0-770e-4e2a-9b19-f7daa8cda38b,Chlorine; chlor-alkali electrolysis; at plant,"Calcium chloride, 38%, at plant",3.5788045003920777e-06,kg,no matching provider with matching unit,False
PVC,a3e150d0-770e-4e2a-9b19-f7daa8cda38b,Chlorine; chlor-alkali electrolysis; at plant,"Cobalt chloride, at plant",1.0252446675943731e-07,kg,no matching provider with matching unit,False
PVC,a3e150d0-770e-4e2a-9b19-f7daa8cda38b,Chlorine; chlor-alkali electrolysis; at plant,"Flocculant, at plant",3.1957336153916704e-06,kg,no matching provider with matching unit,False
PVC,a3e150d0-770e-4e2a-9b19-f7daa8cda38b,Chlorine; chlor-alkali electrolysis; at plant,"Sodium borohydride, at plant",5.727444371470311e-06,kg,no matching provider with matching unit,False
PVC,a3e150d0-770e-4e2a-9b19-f7daa8cda38b,Chlorine; chlor-alkali electrolysis; at plant,"Hydrogen, at plant",0.001469773459195909,kg,no matching provider with matching unit,False
PVC,a3e150d0-770e-4e2a-9b19-f7daa8cda38b,Chlorine; chlor-alkali electrolysis; at plant,"Nitrogen, at plant",0.006934387851134774,kg,no matching provider with matching unit,False
PVC,a3e150d0-770e-4e2a-9b19-f7daa8cda38b,Chlorine; chlor-alkali electrolysis; at plant,"Natural gas, combusted in industrial boiler",380.6112718401691,btu,no matching provider with matching unit,False
PVC,a3e150d0-770e-4e2a-9b19-f7daa8cda38b,Chlorine; chlor-alkali electrolysis; at plant,"Transport, combination truck, average fuel mix",0.025498314597465987,kg*km,no matching provider with matching unit,False
PVC,a3e150d0-770e-4e2a-9b19-f7daa8cda38b,Chlorine; chlor-alkali electrolysis; at plant,"Magnesium chloride, at plant",2.2911156689068297e-07,kg,no matching provider with matching unit,False
PVC,309485bd-a13b-4539-a23c-036c0b23b4f5,Silica sand Bridge; USLCI to USEEIO,"Sand, gravel, clay, phosphate, other nonmetallic minerals",6.4839593708602715e-09,USD,no matching provider with matching unit,False
PVC,88aee762-4aa0-301f-b579-cca5d636aa0d,"Soybean oil, crude, degummed, at plant","Heat, from landfill gas",1.785561234441025e-07,MJ,no matching provider with matching unit,False
PVC,88aee762-4aa0-301f-b579-cca5d636aa0d,"Soybean oil, crude, degummed, at plant","Heat, from biomass ",3.57112246888205e-07,MJ,no matching provider with matching unit,False
PVC,88aee762-4aa0-301f-b579-cca5d636aa0d,"Soybean oil, crude, degummed, at plant","Hexane, at plant",1.6741437457306194e-08,kg,no matching provider with matching unit,False
PVC,5a782377-d196-304c-baec-fea559a4dfe2,"Enzyme, Glucoamylase, Novozyme Spirizyme","Transformation, to industrial area",2.413474363230025e-07,m2,no matching provider with matching unit,False
PVC,5a782377-d196-304c-baec-fea559a4dfe2,"Enzyme, Glucoamylase, Novozyme Spirizyme","Transformation, from pasture and meadow",2.413474363230025e-07,m2,no matching provider with matching unit,False
PVC,8504caf4-bea5-3ab2-b8f9-d4861e819f92,"Corn grain, harvested and stored","Fodder loading, by self-loading trailer",1.002480242233977e-06,m3,no matching provider with matching unit,False
PVC,8504caf4-bea5-3ab2-b8f9-d4861e819f92,"Corn grain, harvested and stored","Conveyor belt, at plant",1.2301155128334215e-12,m,no matching provider with matching unit,False
PVC,8504caf4-bea5-3ab2-b8f9-d4861e819f92,"Corn grain, harvested and stored","Transport, tractor and trailer",5.805938472520825e-07,t*km,no matching provider with matching unit,False
PVC,391ccf45-4b61-37e9-a2f2-3e19afc0d4ef,"Enzyme, Alpha-amylase, Novozyme Liquozyme","Transformation, to industrial area",4.929649763193242e-08,m2,no matching provider with matching unit,False
PVC,391ccf45-4b61-37e9-a2f2-3e19afc0d4ef,"Enzyme, Alpha-amylase, Novozyme Liquozyme","Transformation, from pasture and meadow",4.929649763193242e-08,m2,no matching provider with matching unit,False
PVC,4eec7a31-b920-3f91-b7c3-924f2aa92ecc,"Liquefied petroleum gas, combusted in industrial boiler","Liquefied petroleum gas, at refinery",3.8741063698389266e-08,l,no matching provider with matching unit,False
PVC,4be84642-28cb-3508-9189-d8afcec42d92,"Corn stover, ground and stored","Conveyor belt, at plant",2.6605923112495107e-12,m,no matching provider with matching unit,False
PVC,4be84642-28cb-3508-9189-d8afcec42d92,"Corn stover, ground and stored","Fodder loading, by self-loading trailer",2.1249056675248274e-07,m3,no matching provider with matching unit,False
PVC,4be84642-28cb-3508-9189-d8afcec42d92,"Corn stover, ground and stored","Agricultural machinery, general, production",6.891337612238638e-08,kg,no matching provider with matching unit,False
PVC,4be84642-28cb-3508-9189-d8afcec42d92,"Corn stover, ground and stored",Loading bales,1.0949569761668058e-07,Item(s),no matching provider with matching unit,False
PVC,0d4adbb3-81bb-45c5-bf26-734c76ff3108,"Hydrochloric acid, HCl; MDI coproduct; at plant, 100% HCl","Hydrogen combustion, energy",0.014665740675608987,MJ,no matching provider with matching unit,False
PVC,0d4adbb3-81bb-45c5-bf26-734c76ff3108,"Hydrochloric acid, HCl; MDI coproduct; at plant, 100% HCl",Sodium hydroxide; at plant,0.003963713696110537,kg,no matching provider with matching unit,False
PVC,0d4adbb3-81bb-45c5-bf26-734c76ff3108,"Hydrochloric acid, HCl; MDI coproduct; at plant, 100% HCl","Nitrogen, liquid, at plant",0.0031882044946976063,kg,no matching provider with matching unit,False
PVC,86f13a15-a773-4945-8b1a-46158a77d131,"Sodium hydrogen Sulfite, 40% in solution Bridge; USLCI to USEEIO",Other basic inorganic chemicals,0.0007282918977033736,USD,no matching provider with matching unit,False
PVC,f9cf891e-fd8c-304c-9707-4a7e390b9e75,"Paper, bag and sack, unbleached kraft, average production, at mill","Starch, at plant",6.863400996765407e-07,kg,no matching provider with matching unit,False
PVC,f9cf891e-fd8c-304c-9707-4a7e390b9e75,"Paper, bag and sack, unbleached kraft, average production, at mill","Core board, at plant",1.4631513208575526e-07,kg,no matching provider with matching unit,False
PVC,f9cf891e-fd8c-304c-9707-4a7e390b9e75,"Paper, bag and sack, unbleached kraft, average production, at mill","Sizer, at plant",4.60070843761664e-08,kg,no matching provider with matching unit,False
PVC,f9cf891e-fd8c-304c-9707-4a7e390b9e75,"Paper, bag and sack, unbleached kraft, average production, at mill",Chips; softwood; green; at sawmill,2.6263395775833902e-05,kg,no matching provider with matching unit,False
PVC,f9cf891e-fd8c-304c-9707-4a7e390b9e75,"Paper, bag and sack, unbleached kraft, average production, at mill","Retention aid, at plant",3.997373638169895e-08,kg,no matching provider with matching unit,False
PVC,f9cf891e-fd8c-304c-9707-4a7e390b9e75,"Paper, bag and sack, unbleached kraft, average production, at mill",Sodium hydroxide; at plant,1.3199039928367808e-07,kg,no matching provider with matching unit,False
PVC,f9cf891e-fd8c-304c-9707-4a7e390b9e75,"Paper, bag and sack, unbleached kraft, average production, at mill",Old news paper,5.958357228434519e-07,kg,no matching provider with matching unit,False
PVC,f9cf891e-fd8c-304c-9707-4a7e390b9e75,"Paper, bag and sack, unbleached kraft, average production, at mill",Old corrugated containers,1.7422466662816564e-05,kg,no matching provider with matching unit,False
PVC,f9cf891e-fd8c-304c-9707-4a7e390b9e75,"Paper, bag and sack, unbleached kraft, average production, at mill","Talc, at plant",5.845205972812771e-07,kg,no matching provider with matching unit,False
PVC,f9cf891e-fd8c-304c-9707-4a7e390b9e75,"Paper, bag and sack, unbleached kraft, average production, at mill","Sodium sulfate, at plant",1.0898602571237944e-06,kg,no matching provider with matching unit,False
PVC,f9cf891e-fd8c-304c-9707-4a7e390b9e75,"Paper, bag and sack, unbleached kraft, average production, at mill","Softwood with bark, avg. intst. harvest, at mill, US SE, in black liquor",5.487129221921614e-08,m3,no matching provider with matching unit,False
PVC,f9cf891e-fd8c-304c-9707-4a7e390b9e75,"Paper, bag and sack, unbleached kraft, average production, at mill","Softwood with bark, avg. intst. harvest, at mill, US SE, in pulp",5.1628897678989726e-08,m3,no matching provider with matching unit,False
PVC,f9cf891e-fd8c-304c-9707-4a7e390b9e75,"Paper, bag and sack, unbleached kraft, average production, at mill","Dry strengths, at plant",1.7346810790211283e-08,kg,no matching provider with matching unit,False
PVC,f9cf891e-fd8c-304c-9707-4a7e390b9e75,"Paper, bag and sack, unbleached kraft, average production, at mill",Chips; softwood; green; at sawmill,2.788874996202432e-05,kg,no matching provider with matching unit,False
PVC,f9cf891e-fd8c-304c-9707-4a7e390b9e75,"Paper, bag and sack, unbleached kraft, average production, at mill","Sizer, at plant",2.7528761029737647e-07,kg,no matching provider with matching unit,False
PVC,f9cf891e-fd8c-304c-9707-4a7e390b9e75,"Paper, bag and sack, unbleached kraft, average production, at mill",Old magazines,3.1526051529585997e-07,kg,no matching provider with matching unit,False
PVC,f9cf891e-fd8c-304c-9707-4a7e390b9e75,"Paper, bag and sack, unbleached kraft, average production, at mill","Softwood with bark, avg.intst. harvest, at mill, US SE, in self-gen. hogged fuel",1.4133514662525368e-08,m3,no matching provider with matching unit,False
PVC,2a78de43-fdf2-4c5f-b527-89db6568ace8,"Ethylene glycol, materials production, organic compound, at plant, kg","Nitrogen, liquid, at plant",1.3051995012383936e-08,kg,no matching provider with matching unit,False
PVC,2a78de43-fdf2-4c5f-b527-89db6568ace8,"Ethylene glycol, materials production, organic compound, at plant, kg",Drinking water treatment; U.S. Average Treatment,3.1324788029721447e-10,m3,no matching provider with matching unit,False
PVC,25b4ad17-ccd9-36ff-8ed5-4ad7b4814ae3,"Switchgrass, ground and stored, 2022","Agricultural machinery, general, production",6.891337612239497e-08,kg,no matching provider with matching unit,False
PVC,25b4ad17-ccd9-36ff-8ed5-4ad7b4814ae3,"Switchgrass, ground and stored, 2022",Loading bales,1.0949569761669422e-07,Item(s),no matching provider with matching unit,False
PVC,25b4ad17-ccd9-36ff-8ed5-4ad7b4814ae3,"Switchgrass, ground and stored, 2022","Fodder loading, by self-loading trailer",1.7345496770006812e-07,m3,no matching provider with matching unit,False
PVC,25b4ad17-ccd9-36ff-8ed5-4ad7b4814ae3,"Switchgrass, ground and stored, 2022","Conveyor belt, at plant",2.660592311249842e-12,m,no matching provider with matching unit,False
PVC,96087256-d181-30c8-ae17-f25e1f0eab0c,"Forest residue, dried, stored","Dried roughage store, non ventilated",1.4237593033465072e-11,m3,no matching provider with matching unit,False
PVC,96087256-d181-30c8-ae17-f25e1f0eab0c,"Forest residue, dried, stored","Conveyor belt, at plant",5.16882746114669e-09,m,no matching provider with matching unit,False
PVC,96087256-d181-30c8-ae17-f25e1f0eab0c,"Forest residue, dried, stored","Fodder loading, by self-loading trailer",0.0003369771447243099,m3,no matching provider with matching unit,False
PVC,956b53b9-dd05-35ae-a072-69f1f6906290,"Soybean grains, at field","Agrochemicals, at plant",1.539940763302592e-08,kg,no matching provider with matching unit,False
PVC,956b53b9-dd05-35ae-a072-69f1f6906290,"Soybean grains, at field","Potash Fertilizer (K2O), at plant",2.7541248266757897e-07,kg,no matching provider with matching unit,False
PVC,1cbbcd09-ea17-3d9b-bc34-2cf42efe26ba,"Corn, production, average, US, 2022","Transformation, to arable",0.00029898652111817324,m2,no matching provider with matching unit,False
PVC,1cbbcd09-ea17-3d9b-bc34-2cf42efe26ba,"Corn, production, average, US, 2022",Planting,0.00029898652111817324,m2,no matching provider with matching unit,False
PVC,1cbbcd09-ea17-3d9b-bc34-2cf42efe26ba,"Corn, production, average, US, 2022","Transformation, from arable",0.00029898652111817324,m2,no matching provider with matching unit,False
PVC,1cbbcd09-ea17-3d9b-bc34-2cf42efe26ba,"Corn, production, average, US, 2022",Irrigating,1.1481082410937853e-05,m3,no matching provider with matching unit,False
PVC,1cbbcd09-ea17-3d9b-bc34-2cf42efe26ba,"Corn, production, average, US, 2022",Seed corn,6.81689268149435e-07,kg,no matching provider with matching unit,False
PVC,45b70b50-20a0-341b-8e2f-c196974d1541,"Transport, single unit truck, diesel powered","Diesel, dispensed at pump",0.023109541888623266,btu,no matching provider with matching unit,False
PVC,4e38a874-76e2-3c20-bc6a-eea62883ebaa,"Winter wheat straw, ground and stored","Agricultural machinery, general, production",3.44566880611948e-08,kg,no matching provider with matching unit,False
PVC,4e38a874-76e2-3c20-bc6a-eea62883ebaa,"Winter wheat straw, ground and stored",Loading bales,5.474784880834284e-08,Item(s),no matching provider with matching unit,False
PVC,4e38a874-76e2-3c20-bc6a-eea62883ebaa,"Winter wheat straw, ground and stored","Fodder loading, by self-loading trailer",1.0624528337624631e-07,m3,no matching provider with matching unit,False
PVC,4e38a874-76e2-3c20-bc6a-eea62883ebaa,"Winter wheat straw, ground and stored","Conveyor belt, at plant",1.3302961556248172e-12,m,no matching provider with matching unit,False
PVC,3cfa52ac-c3d6-3ce2-b8f4-211bf63d7088,"Spring wheat straw, ground and stored, 2022","Agricultural machinery, general, production",3.44566880611948e-08,kg,no matching provider with matching unit,False
PVC,3cfa52ac-c3d6-3ce2-b8f4-211bf63d7088,"Spring wheat straw, ground and stored, 2022","Fodder loading, by self-loading trailer",1.0624341888657009e-07,m3,no matching provider with matching unit,False
PVC,3cfa52ac-c3d6-3ce2-b8f4-211bf63d7088,"Spring wheat straw, ground and stored, 2022","Conveyor belt, at plant",1.3303038126666085e-12,m,no matching provider with matching unit,False
PVC,3cfa52ac-c3d6-3ce2-b8f4-211bf63d7088,"Spring wheat straw, ground and stored, 2022",Loading bales,5.474784880834284e-08,Item(s),no matching provider with matching unit,False
PVC,c0138d7e-3eac-3b37-b27a-58c9d5a2d1cf,"Corn stover, carted",Baling,0.00023212926693856468,m2,no matching provider with matching unit,False
PVC,c0138d7e-3eac-3b37-b27a-58c9d5a2d1cf,"Corn stover, carted","Transport, tractor and trailer",7.999575749781597e-08,t*km,no matching provider with matching unit,False
PVC,ccc739c2-aec2-30d0-a1f1-a7ae81af1e8a,Grinding,"Agricultural machinery, general, production",8.895110749967137e-08,kg,no matching provider with matching unit,False
PVC,2e8facf6-46aa-4ddb-95de-a4e2a00eb2bb,"Polypropylene, PP, virgin resin, at plant","Nitrogen, liquid, at plant",2.8479331342969243e-09,kg,no matching provider with matching unit,False
PVC,a591c53f-ce67-41da-b0c1-65b6d91a1a43,"Steel; hot rolled coil, at plant","Transformation, from arable, non-irrigated, intensive",6.845156397350921e-12,m2,no matching provider with matching unit,False
PVC,a591c53f-ce67-41da-b0c1-65b6d91a1a43,"Steel; hot rolled coil, at plant","Transformation, to arable, irrigated, intensive",5.030146484524766e-11,m2,no matching provider with matching unit,False
PVC,a591c53f-ce67-41da-b0c1-65b6d91a1a43,"Steel; hot rolled coil, at plant","Transformation, from unspecified, natural",1.6188532346034503e-12,m2,no matching provider with matching unit,False
PVC,a591c53f-ce67-41da-b0c1-65b6d91a1a43,"Steel; hot rolled coil, at plant","Transformation, to arable, non-irrigated, intensive",6.822126850160981e-12,m2,no matching provider with matching unit,False
PVC,a591c53f-ce67-41da-b0c1-65b6d91a1a43,"Steel; hot rolled coil, at plant","Transformation, from permanent crop",2.2138171936988608e-12,m2,no matching provider with matching unit,False
PVC,a591c53f-ce67-41da-b0c1-65b6d91a1a43,"Steel; hot rolled coil, at plant","Steel scrap, at plant",3.6823767168035137e-09,kg,no matching provider with matching unit,False
PVC,a591c53f-ce67-41da-b0c1-65b6d91a1a43,"Steel; hot rolled coil, at plant","Transformation, to forest, used",5.739021204232051e-11,m2,no matching provider with matching unit,False
PVC,a591c53f-ce67-41da-b0c1-65b6d91a1a43,"Steel; hot rolled coil, at plant","Transformation, from arable, irrigated, intensive",5.027425452535601e-11,m2,no matching provider with matching unit,False
PVC,a591c53f-ce67-41da-b0c1-65b6d91a1a43,"Steel; hot rolled coil, at plant","Transformation, from forest, natural",3.4472549546221737e-12,m2,no matching provider with matching unit,False
PVC,a591c53f-ce67-41da-b0c1-65b6d91a1a43,"Steel; hot rolled coil, at plant","Transformation, to permanent crop",2.2138171936988608e-12,m2,no matching provider with matching unit,False
PVC,a591c53f-ce67-41da-b0c1-65b6d91a1a43,"Steel; hot rolled coil, at plant","Transformation, from forest, used",5.740233079245964e-11,m2,no matching provider with matching unit,False
PVC,a591c53f-ce67-41da-b0c1-65b6d91a1a43,"Steel; hot rolled coil, at plant","Transformation, from shrub land, sclerophyllous",9.284539220661872e-12,m2,no matching provider with matching unit,False
PVC,a591c53f-ce67-41da-b0c1-65b6d91a1a43,"Steel; hot rolled coil, at plant","Transformation, to unspecified, natural",1.3639084602366182e-11,m2,no matching provider with matching unit,False
PVC,a591c53f-ce67-41da-b0c1-65b6d91a1a43,"Steel; hot rolled coil, at plant","Transformation, to shrub land, sclerophyllous",1.086263580431201e-12,m2,no matching provider with matching unit,False
PVC,1dbafde2-2bc3-405c-9726-4d92fe7d29f9,"Polyethylene, linear low-density, LLDPE, virgin resin, at plant","Nitrogen, liquid, at plant",2.932788262178904e-10,kg,no matching provider with matching unit,False
PVC,91beb684-4d04-38b9-8800-a274762a9d44,"Alumina, at plant",Sodium hydroxide; at plant,4.291713808200371e-08,kg,no matching provider with matching unit,False
PVC,c245a252-0860-41d2-9789-802bab7984ab,"Containerboard, average production, at mill","Roundwood, hardwood, average, at forest road",1.2136246986019196e-11,m3,no matching provider with matching unit,False
PVC,c245a252-0860-41d2-9789-802bab7984ab,"Containerboard, average production, at mill",Recycled non-deinked pulp,1.3184175391605327e-09,kg,no matching provider with matching unit,False
PVC,c245a252-0860-41d2-9789-802bab7984ab,"Containerboard, average production, at mill",Softwood logs with bark; harvested at average intensity site; at mill,4.0720807085866773e-10,m3,no matching provider with matching unit,False
PVC,c245a252-0860-41d2-9789-802bab7984ab,"Containerboard, average production, at mill","Natural gas, production mixture, to energy use",3.4415387608013744e-08,m3,no matching provider with matching unit,False
PVC,c245a252-0860-41d2-9789-802bab7984ab,"Containerboard, average production, at mill",Chips; softwood; green; at sawmill,7.063847073570869e-08,kg,no matching provider with matching unit,False
PVC,c245a252-0860-41d2-9789-802bab7984ab,"Containerboard, average production, at mill",Unspecified polymer,2.2392996514049859e-10,kg,no matching provider with matching unit,False
PVC,c245a252-0860-41d2-9789-802bab7984ab,"Containerboard, average production, at mill","Pitch despergents, in paper production",1.9051745188920705e-11,kg,no matching provider with matching unit,False
PVC,c245a252-0860-41d2-9789-802bab7984ab,"Containerboard, average production, at mill",Sodium hydroxide; at plant,2.4363108636967727e-09,kg,no matching provider with matching unit,False
PVC,c245a252-0860-41d2-9789-802bab7984ab,"Containerboard, average production, at mill",Wood chips; hardwood; green; at sawmill,1.50818664737474e-08,kg,no matching provider with matching unit,False
PVC,c245a252-0860-41d2-9789-802bab7984ab,"Containerboard, average production, at mill","Roundwood, hardwood, average, at forest road",5.86426030946559e-11,m3,no matching provider with matching unit,False
PVC,c245a252-0860-41d2-9789-802bab7984ab,"Containerboard, average production, at mill","Recovered paper, pulp substitutes",2.054200376367177e-09,kg,no matching provider with matching unit,False
PVC,c245a252-0860-41d2-9789-802bab7984ab,"Containerboard, average production, at mill",Old corrugated containers,1.7682964345503222e-07,kg,no matching provider with matching unit,False
PVC,c245a252-0860-41d2-9789-802bab7984ab,"Containerboard, average production, at mill","Maize starch, at plant",1.7181827493654458e-09,kg,no matching provider with matching unit,False
PVC,c245a252-0860-41d2-9789-802bab7984ab,"Containerboard, average production, at mill",Bark; softwood; green; at sawmill,3.802017085121545e-08,kg,no matching provider with matching unit,False
PVC,c245a252-0860-41d2-9789-802bab7984ab,"Containerboard, average production, at mill","Sulphate pulp, unbleached, at plant",4.0334224668930176e-11,kg,no matching provider with matching unit,False
PVC,c245a252-0860-41d2-9789-802bab7984ab,"Containerboard, average production, at mill",Chips; softwood; green; at sawmill,3.1081232027715024e-08,kg,no matching provider with matching unit,False
PVC,c245a252-0860-41d2-9789-802bab7984ab,"Containerboard, average production, at mill",Unspecified additive,1.7507162195317308e-09,kg,no matching provider with matching unit,False
PVC,c245a252-0860-41d2-9789-802bab7984ab,"Containerboard, average production, at mill",Wood chips; hardwood; green; at sawmill,1.7770074376919904e-08,kg,no matching provider with matching unit,False
PVC,c245a252-0860-41d2-9789-802bab7984ab,"Containerboard, average production, at mill","Recovered paper, mixed",3.5576598134294256e-09,kg,no matching provider with matching unit,False
PVC,0d95cc8b-a9a0-3630-a760-1ab4d88257d8,"Natural soda ash (Sodium carbonate), at plant","Expanded perlite, at plant",6.788077677450157e-12,kg,no matching provider with matching unit,False
PVC,0d95cc8b-a9a0-3630-a760-1ab4d88257d8,"Natural soda ash (Sodium carbonate), at plant","Activated carbon, at plant",2.319259873128804e-12,kg,no matching provider with matching unit,False
PVC,0d95cc8b-a9a0-3630-a760-1ab4d88257d8,"Natural soda ash (Sodium carbonate), at plant","Natural gas, production mixture, to energy use",6.567465152933026e-10,m3,no matching provider with matching unit,False
PVC,0d95cc8b-a9a0-3630-a760-1ab4d88257d8,"Natural soda ash (Sodium carbonate), at plant","Carbon dioxide, liquid, at plant",1.2008109411409328e-12,kg,no matching provider with matching unit,False
PVC,0d95cc8b-a9a0-3630-a760-1ab4d88257d8,"Natural soda ash (Sodium carbonate), at plant","Process-specific burdens, residual material landfill",6.550494958739402e-10,kg,no matching provider with matching unit,False
PVC,520ecb54-7b55-42ca-97c3-4b8192189356,"Ethylene, materials production, organic compound, at plant, kg","Landfill gas, at cracker, m3",0.0003225605571893225,m3,no matching provider with matching unit,False
PVC,520ecb54-7b55-42ca-97c3-4b8192189356,"Ethylene, materials production, organic compound, at plant, kg","Fuel gas, produced onsite, at cracker, m3",0.05062408744776867,m3,no matching provider with matching unit,False
PVC,727c4049-41db-3645-a4f9-af66fa92dee0,"Switchgrass, carted, 2022","Transport, tractor and trailer",8.331232924188005e-08,t*km,no matching provider with matching unit,False
PVC,515c5359-a186-3394-b849-8676652228db,"Forest residue, processed and loaded, at landing system","Transformation, to arable, non-irrigated, fallow",4.166908235598263e-11,m2,no matching provider with matching unit,False
PVC,515c5359-a186-3394-b849-8676652228db,"Forest residue, processed and loaded, at landing system","Transformation, from dump site, residual material landfill",3.2150869200633967e-10,m2,no matching provider with matching unit,False
PVC,515c5359-a186-3394-b849-8676652228db,"Forest residue, processed and loaded, at landing system","Transformation, from shrub land, sclerophyllous",2.2828659583803876e-09,m2,no matching provider with matching unit,False
PVC,515c5359-a186-3394-b849-8676652228db,"Forest residue, processed and loaded, at landing system","Transformation, to mineral extraction site",5.372000695550394e-07,m2,no matching provider with matching unit,False
PVC,515c5359-a186-3394-b849-8676652228db,"Forest residue, processed and loaded, at landing system","Transformation, to dump site, residual material landfill",3.215144460106542e-10,m2,no matching provider with matching unit,False
PVC,515c5359-a186-3394-b849-8676652228db,"Forest residue, processed and loaded, at landing system","Transformation, to pasture and meadow",4.130675027302767e-11,m2,no matching provider with matching unit,False
PVC,515c5359-a186-3394-b849-8676652228db,"Forest residue, processed and loaded, at landing system","Transformation, to dump site, benthos",1.2324336785097268e-07,m2,no matching provider with matching unit,False
PVC,515c5359-a186-3394-b849-8676652228db,"Forest residue, processed and loaded, at landing system","Transformation, to industrial area",1.7653735021801666e-09,m2,no matching provider with matching unit,False
PVC,515c5359-a186-3394-b849-8676652228db,"Forest residue, processed and loaded, at landing system","Transformation, to shrub land, sclerophyllous",1.962867543929034e-09,m2,no matching provider with matching unit,False
PVC,515c5359-a186-3394-b849-8676652228db,"Forest residue, processed and loaded, at landing system","Transformation, to forest, intensive, short-cycle",2.8912302160992647e-10,m2,no matching provider with matching unit,False
PVC,515c5359-a186-3394-b849-8676652228db,"Forest residue, processed and loaded, at landing system","Transformation, to dump site, inert material landfill",1.626983215030739e-09,m2,no matching provider with matching unit,False
PVC,515c5359-a186-3394-b849-8676652228db,"Forest residue, processed and loaded, at landing system","Transformation, to arable",1.0263567153955525e-09,m2,no matching provider with matching unit,False
PVC,515c5359-a186-3394-b849-8676652228db,"Forest residue, processed and loaded, at landing system","Transformation, to heterogeneous, agricultural",2.0737214085998485e-08,m2,no matching provider with matching unit,False
PVC,515c5359-a186-3394-b849-8676652228db,"Forest residue, processed and loaded, at landing system","Transformation, to forest, intensive, clear-cutting",2.8912302160992647e-10,m2,no matching provider with matching unit,False
PVC,515c5359-a186-3394-b849-8676652228db,"Forest residue, processed and loaded, at landing system","Transformation, to water courses, artificial",1.8749282585529273e-09,m2,no matching provider with matching unit,False
PVC,515c5359-a186-3394-b849-8676652228db,"Forest residue, processed and loaded, at landing system","Transformation, from industrial area, vegetation",2.4461355606639375e-12,m2,no matching provider with matching unit,False
PVC,515c5359-a186-3394-b849-8676652228db,"Forest residue, processed and loaded, at landing system","Transformation, to industrial area, vegetation",1.8815098399668658e-09,m2,no matching provider with matching unit,False
PVC,515c5359-a186-3394-b849-8676652228db,"Forest residue, processed and loaded, at landing system","Transformation, from unknown",1.6273988270325179e-07,m2,no matching provider with matching unit,False
PVC,515c5359-a186-3394-b849-8676652228db,"Forest residue, processed and loaded, at landing system","Transformation, from tropical rain forest",2.8912302160992647e-10,m2,no matching provider with matching unit,False
PVC,515c5359-a186-3394-b849-8676652228db,"Forest residue, processed and loaded, at landing system","Transformation, to forest",1.0609627831188573e-08,m2,no matching provider with matching unit,False
PVC,515c5359-a186-3394-b849-8676652228db,"Forest residue, processed and loaded, at landing system","Transformation, from forest",4.393226462199796e-07,m2,no matching provider with matching unit,False
PVC,515c5359-a186-3394-b849-8676652228db,"Forest residue, processed and loaded, at landing system","Transformation, from pasture and meadow",3.691939627199178e-09,m2,no matching provider with matching unit,False
PVC,515c5359-a186-3394-b849-8676652228db,"Forest residue, processed and loaded, at landing system","Transformation, from dump site, inert material landfill",1.626983215030739e-09,m2,no matching provider with matching unit,False
PVC,515c5359-a186-3394-b849-8676652228db,"Forest residue, processed and loaded, at landing system","Transformation, from industrial area",2.4167077456403414e-10,m2,no matching provider with matching unit,False
PVC,515c5359-a186-3394-b849-8676652228db,"Forest residue, processed and loaded, at landing system","Transformation, from arable, non-irrigated",8.319185767127397e-08,m2,no matching provider with matching unit,False
PVC,515c5359-a186-3394-b849-8676652228db,"Forest residue, processed and loaded, at landing system","Transformation, to industrial area, built up",2.1483266669354526e-09,m2,no matching provider with matching unit,False
PVC,515c5359-a186-3394-b849-8676652228db,"Forest residue, processed and loaded, at landing system","Transformation, from industrial area, built up",1.4339517683181984e-12,m2,no matching provider with matching unit,False
PVC,515c5359-a186-3394-b849-8676652228db,"Forest residue, processed and loaded, at landing system","Transformation, to arable, non-irrigated",8.325928082464675e-08,m2,no matching provider with matching unit,False
PVC,515c5359-a186-3394-b849-8676652228db,"Forest residue, processed and loaded, at landing system","Transformation, from mineral extraction site",9.799003568288013e-09,m2,no matching provider with matching unit,False
PVC,515c5359-a186-3394-b849-8676652228db,"Forest residue, processed and loaded, at landing system","Transformation, to dump site, sanitary landfill",8.298879939929654e-12,m2,no matching provider with matching unit,False
PVC,515c5359-a186-3394-b849-8676652228db,"Forest residue, processed and loaded, at landing system","Transformation, from arable",1.1928454129520303e-10,m2,no matching provider with matching unit,False
PVC,515c5359-a186-3394-b849-8676652228db,"Forest residue, processed and loaded, at landing system","Transformation, from dump site, sanitary landfill",8.298879939929654e-12,m2,no matching provider with matching unit,False
PVC,515c5359-a186-3394-b849-8676652228db,"Forest residue, processed and loaded, at landing system","Transformation, to traffic area, road network",9.206130819086538e-09,m2,no matching provider with matching unit,False
PVC,515c5359-a186-3394-b849-8676652228db,"Forest residue, processed and loaded, at landing system","Transformation, from pasture and meadow, intensive",6.788377087309771e-11,m2,no matching provider with matching unit,False
PVC,515c5359-a186-3394-b849-8676652228db,"Forest residue, processed and loaded, at landing system","Transformation, to permanent crop, fruit, intensive",1.647912122554841e-10,m2,no matching provider with matching unit,False
PVC,515c5359-a186-3394-b849-8676652228db,"Forest residue, processed and loaded, at landing system","Transformation, to unknown",6.116172421862307e-10,m2,no matching provider with matching unit,False
PVC,515c5359-a186-3394-b849-8676652228db,"Forest residue, processed and loaded, at landing system","Transformation, to forest, intensive",7.413236022326426e-10,m2,no matching provider with matching unit,False
PVC,515c5359-a186-3394-b849-8676652228db,"Forest residue, processed and loaded, at landing system","Transformation, from sea and ocean",1.2330123206337505e-07,m2,no matching provider with matching unit,False
PVC,515c5359-a186-3394-b849-8676652228db,"Forest residue, processed and loaded, at landing system","Transformation, from forest, intensive, clear-cutting",2.8912302160992647e-10,m2,no matching provider with matching unit,False
PVC,515c5359-a186-3394-b849-8676652228db,"Forest residue, processed and loaded, at landing system","Transformation, to dump site",1.720826162861756e-09,m2,no matching provider with matching unit,False
PVC,515c5359-a186-3394-b849-8676652228db,"Forest residue, processed and loaded, at landing system","Transformation, to industrial area, benthos",5.796242623237051e-11,m2,no matching provider with matching unit,False
PVC,515c5359-a186-3394-b849-8676652228db,"Forest residue, processed and loaded, at landing system","Transformation, from arable, non-irrigated, fallow",2.658273138181695e-11,m2,no matching provider with matching unit,False
PVC,515c5359-a186-3394-b849-8676652228db,"Forest residue, processed and loaded, at landing system","Transformation, to dump site, slag compartment",6.067797724181072e-12,m2,no matching provider with matching unit,False
PVC,515c5359-a186-3394-b849-8676652228db,"Forest residue, processed and loaded, at landing system","Transformation, to traffic area, road embankment",1.079229491139721e-09,m2,no matching provider with matching unit,False
PVC,515c5359-a186-3394-b849-8676652228db,"Forest residue, processed and loaded, at landing system","Transformation, to traffic area, rail network",6.509209681784579e-11,m2,no matching provider with matching unit,False
PVC,515c5359-a186-3394-b849-8676652228db,"Forest residue, processed and loaded, at landing system","Transformation, from dump site, slag compartment",6.067797724181072e-12,m2,no matching provider with matching unit,False
PVC,515c5359-a186-3394-b849-8676652228db,"Forest residue, processed and loaded, at landing system","Transformation, to traffic area, rail embankment",5.921694369839706e-11,m2,no matching provider with matching unit,False
PVC,515c5359-a186-3394-b849-8676652228db,"Forest residue, processed and loaded, at landing system","Transformation, to urban, discontinuously built",1.3302461734439886e-12,m2,no matching provider with matching unit,False
PVC,515c5359-a186-3394-b849-8676652228db,"Forest residue, processed and loaded, at landing system","Transformation, from forest, extensive",1.3074215511181415e-08,m2,no matching provider with matching unit,False
PVC,515c5359-a186-3394-b849-8676652228db,"Forest residue, processed and loaded, at landing system","Transformation, to forest, intensive, normal",1.2016502011597558e-08,m2,no matching provider with matching unit,False
PVC,515c5359-a186-3394-b849-8676652228db,"Forest residue, processed and loaded, at landing system","Transformation, to water bodies, artificial",2.633462979155766e-08,m2,no matching provider with matching unit,False
PVC,630010e9-27e1-3ea8-9845-b87832b536f4,"Harvest, corn, single pass",Combine harvesting,0.0003833530119683382,m2,no matching provider with matching unit,False
PVC,24ccf5c5-25f5-35da-bead-5edf4e14cdc1,"Fertilizer, corn, 2022","Potassium nitrate, as K2O, at regional storehouse",2.8104732985108286e-06,kg,no matching provider with matching unit,False
PVC,24ccf5c5-25f5-35da-bead-5edf4e14cdc1,"Fertilizer, corn, 2022","Slurry spreading, by vacuum tanker",3.01976386329355e-08,m3,no matching provider with matching unit,False
PVC,24ccf5c5-25f5-35da-bead-5edf4e14cdc1,"Fertilizer, corn, 2022","Solid manure loading and spreading, by hydraulic loader and spreader",9.029392937768832e-08,kg,no matching provider with matching unit,False
PVC,d5b0f333-d1b3-3ba1-8111-b036b67589f8,"Tillage, conservation, corn production","Tillage, cultivating, chiselling",1.2079055453174203,m2,no matching provider with matching unit,False
PVC,d5b0f333-d1b3-3ba1-8111-b036b67589f8,"Tillage, conservation, corn production","Fertilising, by broadcaster",2.4158110906348407,m2,no matching provider with matching unit,False
PVC,d7a673e2-dc84-31fa-b15c-a03a6863c8dd,"Tillage, intensive, corn production","Tillage, ploughing",0.00021168245695166667,m2,no matching provider with matching unit,False
PVC,d7a673e2-dc84-31fa-b15c-a03a6863c8dd,"Tillage, intensive, corn production","Tillage, rolling",0.00010584122847583334,m2,no matching provider with matching unit,False
PVC,d7a673e2-dc84-31fa-b15c-a03a6863c8dd,"Tillage, intensive, corn production","Fertilising, by broadcaster",0.00010584122847583334,m2,no matching provider with matching unit,False
PVC,d7a673e2-dc84-31fa-b15c-a03a6863c8dd,"Tillage, intensive, corn production","Tillage, rotary cultivator",0.00021168245695166667,m2,no matching provider with matching unit,False
PVC,d67585e4-5ddf-3722-a4cc-0b7576a05b07,"Tillage, reduce, corn production","Fertilising, by broadcaster",7.235473811059793e-05,m2,no matching provider with matching unit,False
PVC,d67585e4-5ddf-3722-a4cc-0b7576a05b07,"Tillage, reduce, corn production","Tillage, rolling",7.235473811059793e-05,m2,no matching provider with matching unit,False
PVC,d67585e4-5ddf-3722-a4cc-0b7576a05b07,"Tillage, reduce, corn production","Tillage, rotary cultivator",7.235473811059793e-05,m2,no matching provider with matching unit,False
PVC,d67585e4-5ddf-3722-a4cc-0b7576a05b07,"Tillage, reduce, corn production","Tillage, cultivating, chiselling",7.235473811059793e-05,m2,no matching provider with matching unit,False
PVC,2813d2f3-6813-34d8-b47b-b464f390bcaf,"Pesticide, corn, 2022","Organophosphorus-compounds, at regional storehouse",2.2962164821875706e-10,kg,no matching provider with matching unit,False
PVC,2813d2f3-6813-34d8-b47b-b464f390bcaf,"Pesticide, corn, 2022","Application of plant protection products, by field sprayer",0.0005979730422363465,m2,no matching provider with matching unit,False
PVC,2813d2f3-6813-34d8-b47b-b464f390bcaf,"Pesticide, corn, 2022","[sulfonyl]urea-compounds, at regional storehouse",7.175676506836159e-10,kg,no matching provider with matching unit,False
PVC,2813d2f3-6813-34d8-b47b-b464f390bcaf,"Pesticide, corn, 2022","Metolachlor, at regional storehouse",1.0374832282800612e-08,kg,no matching provider with matching unit,False
PVC,2813d2f3-6813-34d8-b47b-b464f390bcaf,"Pesticide, corn, 2022","Glyphosate, at regional storehouse",9.926352501123353e-09,kg,no matching provider with matching unit,False
PVC,2813d2f3-6813-34d8-b47b-b464f390bcaf,"Pesticide, corn, 2022","Pyretroid-compounds, at regional storehouse",1.6743245182617702e-11,kg,no matching provider with matching unit,False
PVC,2813d2f3-6813-34d8-b47b-b464f390bcaf,"Pesticide, corn, 2022","2,4-D, at regional storehouse",4.843581642114406e-10,kg,no matching provider with matching unit,False
PVC,2813d2f3-6813-34d8-b47b-b464f390bcaf,"Pesticide, corn, 2022","Atrazine, at regional storehouse",2.861301007100918e-08,kg,no matching provider with matching unit,False
PVC,2813d2f3-6813-34d8-b47b-b464f390bcaf,"Pesticide, corn, 2022","Alachlor, at regional storehouse",1.2796623103857816e-08,kg,no matching provider with matching unit,False
PVC,3221bb51-ac5f-36b7-a5c4-d81a5c65ccf0,"Winter wheat straw, carted",Baling,0.00036584895264974473,m2,no matching provider with matching unit,False
PVC,3221bb51-ac5f-36b7-a5c4-d81a5c65ccf0,"Winter wheat straw, carted","Transport, tractor and trailer",4.154311133378022e-08,t*km,no matching provider with matching unit,False
PVC,99898750-1f41-3c25-8ee0-aaae4b6697d0,"Spring wheat straw, carted, 2022","Spring wheat straw, production, average, US, 2022",3.81894959344909e-05,kg,no matching provider with matching unit,False
PVC,99898750-1f41-3c25-8ee0-aaae4b6697d0,"Spring wheat straw, carted, 2022",Baling,0.0004246843105320136,m2,no matching provider with matching unit,False
PVC,99898750-1f41-3c25-8ee0-aaae4b6697d0,"Spring wheat straw, carted, 2022","Transport, tractor and trailer",4.1543111333780224e-08,t*km,no matching provider with matching unit,False
PVC,4d09380a-6297-392c-b1bb-74534b4d3d8e,"Corn stover, production, average, US, 2022",Hay grown for feed,1.32765501925934e-05,kg,no matching provider with matching unit,False
PVC,49d309a8-0c93-4eeb-a342-2fe2254a0bec,"Propylene, materials production, organic compound, at plant, kg","Fuel gas, produced onsite, at cracker, m3",1.7379298611688855e-08,m3,no matching provider with matching unit,False
PVC,49d309a8-0c93-4eeb-a342-2fe2254a0bec,"Propylene, materials production, organic compound, at plant, kg","Landfill gas, at cracker, m3",7.707341123444622e-11,m3,no matching provider with matching unit,False
PVC,7ee5b4ca-1a5e-3d26-8e79-0805a115e444,"RFO, combusted in industrial boiler, at pulp and paper mill (EXCL.)","Residual fuel oil, at refinery",4.003620110124759e-06,l,no matching provider with matching unit,False
PVC,4d7e8233-af87-31fc-b497-592383d4008a,"Natural gas, combusted in industrial boiler, at pulp and paper mill (EXCL.)","Natural gas, production mixture, to energy use",5.839235584216902e-06,m3,no matching provider with matching unit,False
PVC,d549cd32-3e84-327e-86e8-452772ff7c56,"LPG, combusted in industrial boiler, at pulp and paper mill (EXCL.)","Liquefied petroleum gas, at refinery",6.119487915916813e-08,l,no matching provider with matching unit,False
PVC,32a3732b-30c8-3605-8306-ca12599f8e91,"Gasoline, combusted in equipment, at pulp and paper mill (EXCL.)","Gasoline, at refinery",6.699286273079777e-07,l,no matching provider with matching unit,False
PVC,a69b6a20-acd3-489b-b3e1-bb7ef0615618,"Aluminium sulphate, powder Bridge; USLCI to USEEIO",Other basic inorganic chemicals,1.119091562018345e-09,USD,no matching provider with matching unit,False
PVC,6ce2af92-11dd-3e96-8f77-4d215ac13b96,"Melamine urea formaldehyde, MF, resin, neat, 60% solids","Urea, at regional storehouse",8.890019616077794e-11,kg,no matching provider with matching unit,False
PVC,88b44b36-2322-39a8-9c54-6b89b1b43cd4,"Iron and steel, production mix","Steel, secondary, at plant",1.4484341318135602e-11,kg,no matching provider with matching unit,False
PVC,fa3871c0-d563-3300-9ec7-f26aafdabfa5,"Propylene oxide, at plant",Sodium hydroxide; at plant,2.327361639590931e-12,kg,no matching provider with matching unit,False
PVC,3dbccdda-2014-4239-ad1f-4e15c034942b,"Polyvinyl chloride resin, suspension grade PVC; at plant",Sodium hydroxide; at plant,0.0009730000000000115,kg,no matching provider with matching unit,False
PVC,3dbccdda-2014-4239-ad1f-4e15c034942b,"Polyvinyl chloride resin, suspension grade PVC; at plant",Sodium hydroxide; at plant,0.002388000000000028,kg,no matching provider with matching unit,False
PVC,3dbccdda-2014-4239-ad1f-4e15c034942b,"Polyvinyl chloride resin, suspension grade PVC; at plant","Hydrogen peroxide, at plant",0.00027500000000000327,kg,no matching provider with matching unit,False
PVC,3dbccdda-2014-4239-ad1f-4e15c034942b,"Polyvinyl chloride resin, suspension grade PVC; at plant",Polyvinyl Acetate,0.00033700000000000396,kg,no matching provider with matching unit,False
PVC,70d2004a-9f80-48ce-a86c-50e85dd6a637,"Petroleum refined, for material use, at plant","Petroleum refining coproduct, at refinery",0.04480009854513697,kg,no matching provider with matching unit,False
PVC,3ca7a144-e2f3-4963-8c63-768cf0853cee,"Petroleum refined, for energy use, at plant","Petroleum refining coproduct, at refinery",0.008512018783983865,kg,no matching provider with matching unit,False
PVC,29d771d7-71ec-3a22-bbd0-8709d5a328e2,"Natural gas, combusted in industrial boiler, at hydrocracker, for ethylene","Natural gas, production mixture, to energy use",0.051968106846440786,m3,no matching provider with matching unit,False
PVC,f04300c5-ea44-3525-b6ab-c4b8b27b127e,"Switchgrass, harvested, wet","Mowing, by rotary mower",8.879950082712221e-05,m2,no matching provider with matching unit,False
PVC,f04300c5-ea44-3525-b6ab-c4b8b27b127e,"Switchgrass, harvested, wet",Baling,8.879950082712221e-05,m2,no matching provider with matching unit,False
PVC,55d8bf4f-025a-3927-bb96-235d37ba79fc,"Lime, agricultural, corn production","Fertilising, by broadcaster",0.00029898652111817324,m2,no matching provider with matching unit,False
PVC,ac54bc7d-5db5-3b4f-9175-5dd02f678312,"Steel, billets, at plant","Steel scrap, at plant",3.2320773055611156e-12,kg,no matching provider with matching unit,False
PVC,53bb995e-2b64-4464-87f4-a3b79dcd1c32,"Ethylene dichloride-vinyl chloride monomer, EDC-VCM; at plant","Hydrogen, at plant",0.0052400000000000614,kg,no matching provider with matching unit,False
PVC,9c36427d-76de-314c-bfca-4d714b71c9a5,"Switchgrass, production, US, 2022","Tillage, rolling",6.430832017259219e-06,m2,no matching provider with matching unit,False
PVC,9c36427d-76de-314c-bfca-4d714b71c9a5,"Switchgrass, production, US, 2022","Transformation, from arable",2.14146706174732e-05,m2,no matching provider with matching unit,False
PVC,9c36427d-76de-314c-bfca-4d714b71c9a5,"Switchgrass, production, US, 2022","Transformation, from permanent crop",2.14146706174732e-05,m2,no matching provider with matching unit,False
PVC,9c36427d-76de-314c-bfca-4d714b71c9a5,"Switchgrass, production, US, 2022","Transformation, from pasture and meadow",2.14146706174732e-05,m2,no matching provider with matching unit,False
PVC,9c36427d-76de-314c-bfca-4d714b71c9a5,"Switchgrass, production, US, 2022","Tillage, rotary cultivator",6.430832017259219e-06,m2,no matching provider with matching unit,False
PVC,d397dd56-dc53-37a1-956b-5da3aaa81a6f,"Transport, single unit truck, gasoline powered","Gasoline, dispensed at pump",0.00013665140176007934,btu,no matching provider with matching unit,False
PVC,14b0912f-fb6d-321d-8f42-0ea35918689f,"Fertilizer, winter wheat straw, 2022","Potassium chloride, as K2O, at regional storehouse",4.4799216384691234e-07,kg,no matching provider with matching unit,False
PVC,786522bf-e3a2-3db6-8794-a8d26a370faa,"Harvest, wheat, single pass",Combine harvesting,0.00016450859787165307,m2,no matching provider with matching unit,False
PVC,a941c19b-ed3f-34a9-a91b-ee31e2d6ac18,"Planting, switchgrass, 2022",Planting,6.43083201725922e-05,m2,no matching provider with matching unit,False
PVC,a941c19b-ed3f-34a9-a91b-ee31e2d6ac18,"Planting, switchgrass, 2022","Grass seed IP, at regional storehouse",3.6012659296651624e-08,kg,no matching provider with matching unit,False
PVC,a40d4e00-67c2-3f4c-8c2b-1c67a28e6c5c,"Pesticide, switchgrass","2,4-D, at regional storehouse",3.2154160086296097e-09,kg,no matching provider with matching unit,False
PVC,a40d4e00-67c2-3f4c-8c2b-1c67a28e6c5c,"Pesticide, switchgrass","Application of plant protection products, by field sprayer",6.43083201725922e-05,m2,no matching provider with matching unit,False
PVC,fef4bce7-747e-30a8-adea-c11de716b08b,"Fertilizer, switchgrass, 2022","Fertilising, by broadcaster",0.0001286166403451844,m2,no matching provider with matching unit,False
PVC,fef4bce7-747e-30a8-adea-c11de716b08b,"Fertilizer, switchgrass, 2022","Potassium chloride, as K2O, at regional storehouse",7.845615061056248e-07,kg,no matching provider with matching unit,False
PVC,f3929bea-4d5f-4691-9aef-aa95392ba015,Hydrogen Fluoride Bridge; USLCI to USEEIO,Other basic inorganic chemicals,3.918018463540834e-07,USD,no matching provider with matching unit,False
PVC,a1c4409b-9e9e-4f3b-bec0-f319fef1e3c5,Zeolite Bridge; USLCI to USEEIO,"Sand, gravel, clay, phosphate, other nonmetallic minerals",2.3143408648454224e-08,USD,no matching provider with matching unit,False
PVC,442ab5b5-32f4-4de0-9aa7-fa989b0579af,"Chemicals organic, at plant Bridge; USLCI to USEEIO",Other basic organic chemicals,8.579715327237592e-08,USD,no matching provider with matching unit,False
ABS,238589f8-deaf-3218-84e9-703a9bd7f3e1,"Fertilizer, stover, 2022","Potassium chloride, as K2O, at regional storehouse",7.250240723432149e-07,kg,no matching provider with matching unit,False
ABS,34156f3c-28ef-33db-9ad0-6293a2aa0d52,"Transport, combination truck, diesel powered","Diesel, dispensed at pump",238.49304565447454,btu,no matching provider with matching unit,False
ABS,dacaeae9-aeed-3366-912d-6a31de09eef9,"Nitrogen fertilizer, production mix, at plant","Natural gas, production mixture, to material use",1.3876983108999415e-06,m3,no matching provider with matching unit,False
ABS,26465530-69ff-3c68-834f-c67ccb6ee1b2,"Bituminous coal, combusted in industrial boiler","Transport, pipeline, coal slurry",2.1523712137600497e-05,t*km,no matching provider with matching unit,False
ABS,f347daea-82be-4e62-8872-a0dc0ca24ca3,"Natural gas, combusted in industrial boiler","Natural gas, production mixture, to energy use",0.4033181012722231,m3,no matching provider with matching unit,False
ABS,0aaf1e13-5d80-37f9-b7bb-81a6b8965c71,"Petroleum refining, at refinery","Liquefied petroleum gas, at refinery",1.3217440822358436e-06,m3,no matching provider with matching unit,False
ABS,0aaf1e13-5d80-37f9-b7bb-81a6b8965c71,"Petroleum refining, at refinery","Methyl tert-butyl, at plant",5.4424756327358265e-06,kg,no matching provider with matching unit,False
ABS,0aaf1e13-5d80-37f9-b7bb-81a6b8965c71,"Petroleum refining, at refinery","Residual fuel oil, at refinery",1.516118211976409e-09,m3,no matching provider with matching unit,False
ABS,b355f122-dc4e-4224-aafa-d43c3b57db7b,"Natural gas, combusted in industrial equipment","Natural gas, production mixture, to energy use",0.012837839734524336,m3,no matching provider with matching unit,False
ABS,1b6afe73-a064-33a3-87b0-265ae10851e9,"Sulfuric acid, at plant","Natural gas, combusted in industrial boiler",0.00011722879005924578,MJ,no matching provider with matching unit,True
ABS,64c379de-b24a-36d0-9170-d61d9d9d7278,"Ethanol, 85%, at blending terminal, 2022","Gasoline, at refinery",3.214170609389987e-05,l,no matching provider with matching unit,False
ABS,64c379de-b24a-36d0-9170-d61d9d9d7278,"Ethanol, 85%, at blending terminal, 2022","Energy, output, from gasoline",0.0010211172782138957,MJ,no matching provider with matching unit,False
ABS,eaff3c91-b8ce-38a1-a3ba-1fe0c9d4041c,"Transport, barge, residual fuel oil powered","Residual fuel oil, at refinery",0.002086447652492135,l,no matching provider with matching unit,False
ABS,f85fcdde-6c6b-3bbb-8efc-de6cb34c9ac7,"Transport, ocean freighter, residual fuel oil powered","Residual fuel oil, at refinery",0.0017738926248926376,l,no matching provider with matching unit,False
ABS,d3e13675-1455-375f-a557-bb8234de75ff,"Gasoline, combusted in equipment","Gasoline, at refinery",1.3395229539960684e-05,l,no matching provider with matching unit,False
ABS,9d9b6815-9349-30af-869b-57362428c42e,"Residual fuel oil, combusted in industrial boiler","Residual fuel oil, at refinery",0.013537858023671205,l,no matching provider with matching unit,False
ABS,8dcef86f-cf2c-4207-91aa-1398401fe8b7,"Natural gas, at processing, conventional, kg","Transport, pipeline, natural gas",9.339966166062672e-05,t*mi,no matching provider with matching unit,False
ABS,7bfdfa88-b857-4a4a-bbb9-3f51ddc15d30,"Natural gas, at processing, shale, kg","Transport, pipeline, natural gas",8.973692983079822e-05,t*mi,no matching provider with matching unit,False
ABS,dfa7acbc-4a41-3329-951d-b6cde899c91e,"Sulfur, at plant","Natural gas, combusted in industrial boiler",0.00011740269906869783,MJ,no matching provider with matching unit,True
ABS,0879167f-989b-3e3b-b9c5-3c07ea0a3f8e,"Ethanol, denatured, corn stover, biochemical","Energy, output",3.492113668282477e-05,MJ,no matching provider with matching unit,False
ABS,0879167f-989b-3e3b-b9c5-3c07ea0a3f8e,"Ethanol, denatured, corn stover, biochemical","Chemicals inorganic, at plant",9.403367304048619e-10,kg,no matching provider with matching unit,False
ABS,0879167f-989b-3e3b-b9c5-3c07ea0a3f8e,"Ethanol, denatured, corn stover, biochemical","Gasoline, at refinery",2.2964012784623999e-07,l,no matching provider with matching unit,False
ABS,0879167f-989b-3e3b-b9c5-3c07ea0a3f8e,"Ethanol, denatured, corn stover, biochemical","Sulphite, at plant",1.6480638485516794e-10,kg,no matching provider with matching unit,False
ABS,0879167f-989b-3e3b-b9c5-3c07ea0a3f8e,"Ethanol, denatured, corn stover, biochemical",Sodium hydroxide; at plant,1.6480638485516794e-10,kg,no matching provider with matching unit,False
ABS,0898854c-e38f-3d23-880f-f8da7d65ca0c,"Ethanol, denatured, switchgrass, biochemical",Sodium hydroxide; at plant,1.6480638485520632e-10,kg,no matching provider with matching unit,False
ABS,0898854c-e38f-3d23-880f-f8da7d65ca0c,"Ethanol, denatured, switchgrass, biochemical","Chemicals inorganic, at plant",9.40336730405081e-10,kg,no matching provider with matching unit,False
ABS,0898854c-e38f-3d23-880f-f8da7d65ca0c,"Ethanol, denatured, switchgrass, biochemical","Energy, output",3.4921136682832905e-05,MJ,no matching provider with matching unit,False
ABS,0898854c-e38f-3d23-880f-f8da7d65ca0c,"Ethanol, denatured, switchgrass, biochemical","Gasoline, at refinery",2.2964012784629348e-07,l,no matching provider with matching unit,False
ABS,0898854c-e38f-3d23-880f-f8da7d65ca0c,"Ethanol, denatured, switchgrass, biochemical","Sulphite, at plant",1.6480638485520632e-10,kg,no matching provider with matching unit,False
ABS,d9cadd89-4203-375a-903a-63197cd29c6a,"Ethanol, denatured, forest residues, thermochem","Energy, output",7.298009444653935e-06,MJ,no matching provider with matching unit,False
ABS,d9cadd89-4203-375a-903a-63197cd29c6a,"Ethanol, denatured, forest residues, thermochem","Magnesium oxide, at plant",1.927862371262819e-09,kg,no matching provider with matching unit,False
ABS,d9cadd89-4203-375a-903a-63197cd29c6a,"Ethanol, denatured, forest residues, thermochem","Chemicals inorganic, at plant",2.765962653743799e-10,kg,no matching provider with matching unit,False
ABS,d9cadd89-4203-375a-903a-63197cd29c6a,"Ethanol, denatured, forest residues, thermochem","Gasoline, at refinery",5.073482501631078e-07,l,no matching provider with matching unit,False
ABS,d9cadd89-4203-375a-903a-63197cd29c6a,"Ethanol, denatured, forest residues, thermochem",Sodium hydroxide; at plant,2.4340520136431025e-10,kg,no matching provider with matching unit,False
ABS,d9cadd89-4203-375a-903a-63197cd29c6a,"Ethanol, denatured, forest residues, thermochem","Sulphite, at plant",2.4340520136431025e-10,kg,no matching provider with matching unit,False
ABS,d9cadd89-4203-375a-903a-63197cd29c6a,"Ethanol, denatured, forest residues, thermochem","Monoethanolamine, MEA, at plant",1.659614179860474e-08,kg,no matching provider with matching unit,False
ABS,8e3e47ea-ed49-329e-8931-29115917bc81,"Ethanol, denatured, corn dry mill","Yeast paste, from whey, at fermentation",1.951600587049949e-07,kg,no matching provider with matching unit,False
ABS,8e3e47ea-ed49-329e-8931-29115917bc81,"Ethanol, denatured, corn dry mill",Sodium hydroxide; at plant,7.513662260142304e-07,kg,no matching provider with matching unit,False
ABS,8e3e47ea-ed49-329e-8931-29115917bc81,"Ethanol, denatured, corn dry mill","Heat, at cogen with ignition biogas engine, allocation exergy",4.051848085480203e-05,MJ,no matching provider with matching unit,False
ABS,8e3e47ea-ed49-329e-8931-29115917bc81,"Ethanol, denatured, corn dry mill","Energy, output",0.0009725476258798914,MJ,no matching provider with matching unit,False
ABS,8e3e47ea-ed49-329e-8931-29115917bc81,"Ethanol, denatured, corn dry mill","Gasoline, at refinery",8.652095935921441e-07,l,no matching provider with matching unit,False
ABS,7aa8e2ff-0e2f-3e6c-b168-ec5168b4be6a,"Ethanol, denatured, wheat straw, biochemical","Energy, output",3.492113668282828e-05,MJ,no matching provider with matching unit,False
ABS,7aa8e2ff-0e2f-3e6c-b168-ec5168b4be6a,"Ethanol, denatured, wheat straw, biochemical","Gasoline, at refinery",2.2964012784626307e-07,l,no matching provider with matching unit,False
ABS,7aa8e2ff-0e2f-3e6c-b168-ec5168b4be6a,"Ethanol, denatured, wheat straw, biochemical","Sulphite, at plant",1.6480638485518448e-10,kg,no matching provider with matching unit,False
ABS,7aa8e2ff-0e2f-3e6c-b168-ec5168b4be6a,"Ethanol, denatured, wheat straw, biochemical",Sodium hydroxide; at plant,1.6480638485518448e-10,kg,no matching provider with matching unit,False
ABS,7aa8e2ff-0e2f-3e6c-b168-ec5168b4be6a,"Ethanol, denatured, wheat straw, biochemical","Chemicals inorganic, at plant",9.403367304049564e-10,kg,no matching provider with matching unit,False
ABS,3dd59224-ecba-3fb1-a2c9-9c01947b08b1,"Enzyme, Cellulase, Novozyme Celluclast","Transformation, to industrial area",6.108571519687447e-07,m2,no matching provider with matching unit,False
ABS,3dd59224-ecba-3fb1-a2c9-9c01947b08b1,"Enzyme, Cellulase, Novozyme Celluclast","Transformation, from pasture and meadow",6.108571519687447e-07,m2,no matching provider with matching unit,False
ABS,309485bd-a13b-4539-a23c-036c0b23b4f5,Silica sand Bridge; USLCI to USEEIO,"Sand, gravel, clay, phosphate, other nonmetallic minerals",4.107098726261501e-09,USD,no matching provider with matching unit,False
ABS,88aee762-4aa0-301f-b579-cca5d636aa0d,"Soybean oil, crude, degummed, at plant","Heat, from landfill gas",1.1310182331789759e-07,MJ,no matching provider with matching unit,False
ABS,88aee762-4aa0-301f-b579-cca5d636aa0d,"Soybean oil, crude, degummed, at plant","Heat, from biomass ",2.2620364663579518e-07,MJ,no matching provider with matching unit,False
ABS,88aee762-4aa0-301f-b579-cca5d636aa0d,"Soybean oil, crude, degummed, at plant","Hexane, at plant",1.060443666036824e-08,kg,no matching provider with matching unit,False
ABS,5a782377-d196-304c-baec-fea559a4dfe2,"Enzyme, Glucoamylase, Novozyme Spirizyme","Transformation, to industrial area",1.528753793189127e-07,m2,no matching provider with matching unit,False
ABS,5a782377-d196-304c-baec-fea559a4dfe2,"Enzyme, Glucoamylase, Novozyme Spirizyme","Transformation, from pasture and meadow",1.528753793189127e-07,m2,no matching provider with matching unit,False
ABS,8504caf4-bea5-3ab2-b8f9-d4861e819f92,"Corn grain, harvested and stored","Fodder loading, by self-loading trailer",6.349955467773419e-07,m3,no matching provider with matching unit,False
ABS,8504caf4-bea5-3ab2-b8f9-d4861e819f92,"Corn grain, harvested and stored","Transport, tractor and trailer",3.6776236773487325e-07,t*km,no matching provider with matching unit,False
ABS,391ccf45-4b61-37e9-a2f2-3e19afc0d4ef,"Enzyme, Alpha-amylase, Novozyme Liquozyme","Transformation, to industrial area",3.1225609392799183e-08,m2,no matching provider with matching unit,False
ABS,391ccf45-4b61-37e9-a2f2-3e19afc0d4ef,"Enzyme, Alpha-amylase, Novozyme Liquozyme","Transformation, from pasture and meadow",3.1225609392799183e-08,m2,no matching provider with matching unit,False
ABS,4eec7a31-b920-3f91-b7c3-924f2aa92ecc,"Liquefied petroleum gas, combusted in industrial boiler","Liquefied petroleum gas, at refinery",1.125205390143475e-07,l,no matching provider with matching unit,False
ABS,4be84642-28cb-3508-9189-d8afcec42d92,"Corn stover, ground and stored","Conveyor belt, at plant",1.6852843559974691e-12,m,no matching provider with matching unit,False
ABS,4be84642-28cb-3508-9189-d8afcec42d92,"Corn stover, ground and stored","Fodder loading, by self-loading trailer",1.345967311229337e-07,m3,no matching provider with matching unit,False
ABS,4be84642-28cb-3508-9189-d8afcec42d92,"Corn stover, ground and stored","Agricultural machinery, general, production",4.365142085353332e-08,kg,no matching provider with matching unit,False
ABS,4be84642-28cb-3508-9189-d8afcec42d92,"Corn stover, ground and stored",Loading bales,6.935725757839183e-08,Item(s),no matching provider with matching unit,False
ABS,25b4ad17-ccd9-36ff-8ed5-4ad7b4814ae3,"Switchgrass, ground and stored, 2022","Agricultural machinery, general, production",4.365142085353876e-08,kg,no matching provider with matching unit,False
ABS,25b4ad17-ccd9-36ff-8ed5-4ad7b4814ae3,"Switchgrass, ground and stored, 2022",Loading bales,6.935725757840047e-08,Item(s),no matching provider with matching unit,False
ABS,25b4ad17-ccd9-36ff-8ed5-4ad7b4814ae3,"Switchgrass, ground and stored, 2022","Fodder loading, by self-loading trailer",1.0987062628835705e-07,m3,no matching provider with matching unit,False
ABS,25b4ad17-ccd9-36ff-8ed5-4ad7b4814ae3,"Switchgrass, ground and stored, 2022","Conveyor belt, at plant",1.685284355997679e-12,m,no matching provider with matching unit,False
ABS,96087256-d181-30c8-ae17-f25e1f0eab0c,"Forest residue, dried, stored","Dried roughage store, non ventilated",9.01844025666924e-12,m3,no matching provider with matching unit,False
ABS,96087256-d181-30c8-ae17-f25e1f0eab0c,"Forest residue, dried, stored","Conveyor belt, at plant",3.274061953155709e-09,m,no matching provider with matching unit,False
ABS,96087256-d181-30c8-ae17-f25e1f0eab0c,"Forest residue, dried, stored","Fodder loading, by self-loading trailer",0.00021344957960352337,m3,no matching provider with matching unit,False
ABS,956b53b9-dd05-35ae-a072-69f1f6906290,"Soybean grains, at field","Agrochemicals, at plant",9.754362089161425e-09,kg,no matching provider with matching unit,False
ABS,956b53b9-dd05-35ae-a072-69f1f6906290,"Soybean grains, at field","Potash Fertilizer (K2O), at plant",1.7445301428692548e-07,kg,no matching provider with matching unit,False
ABS,1cbbcd09-ea17-3d9b-bc34-2cf42efe26ba,"Corn, production, average, US, 2022","Transformation, to arable",0.00018938538781912266,m2,no matching provider with matching unit,False
ABS,1cbbcd09-ea17-3d9b-bc34-2cf42efe26ba,"Corn, production, average, US, 2022",Planting,0.00018938538781912266,m2,no matching provider with matching unit,False
ABS,1cbbcd09-ea17-3d9b-bc34-2cf42efe26ba,"Corn, production, average, US, 2022","Transformation, from arable",0.00018938538781912266,m2,no matching provider with matching unit,False
ABS,1cbbcd09-ea17-3d9b-bc34-2cf42efe26ba,"Corn, production, average, US, 2022",Irrigating,7.2723988922543105e-06,m3,no matching provider with matching unit,False
ABS,1cbbcd09-ea17-3d9b-bc34-2cf42efe26ba,"Corn, production, average, US, 2022",Seed corn,4.317986842275997e-07,kg,no matching provider with matching unit,False
ABS,45b70b50-20a0-341b-8e2f-c196974d1541,"Transport, single unit truck, diesel powered","Diesel, dispensed at pump",0.0006934008857346223,btu,no matching provider with matching unit,False
ABS,4e38a874-76e2-3c20-bc6a-eea62883ebaa,"Winter wheat straw, ground and stored","Agricultural machinery, general, production",2.182571042676768e-08,kg,no matching provider with matching unit,False
ABS,4e38a874-76e2-3c20-bc6a-eea62883ebaa,"Winter wheat straw, ground and stored",Loading bales,3.4678628789197534e-08,Item(s),no matching provider with matching unit,False
ABS,4e38a874-76e2-3c20-bc6a-eea62883ebaa,"Winter wheat straw, ground and stored","Fodder loading, by self-loading trailer",6.729836556146999e-08,m3,no matching provider with matching unit,False
ABS,3cfa52ac-c3d6-3ce2-b8f4-211bf63d7088,"Spring wheat straw, ground and stored, 2022","Agricultural machinery, general, production",2.182571042676768e-08,kg,no matching provider with matching unit,False
ABS,3cfa52ac-c3d6-3ce2-b8f4-211bf63d7088,"Spring wheat straw, ground and stored, 2022","Fodder loading, by self-loading trailer",6.7297184548028e-08,m3,no matching provider with matching unit,False
ABS,3cfa52ac-c3d6-3ce2-b8f4-211bf63d7088,"Spring wheat straw, ground and stored, 2022",Loading bales,3.4678628789197534e-08,Item(s),no matching provider with matching unit,False
ABS,c0138d7e-3eac-3b37-b27a-58c9d5a2d1cf,"Corn stover, carted",Baling,0.00014703636498032279,m2,no matching provider with matching unit,False
ABS,c0138d7e-3eac-3b37-b27a-58c9d5a2d1cf,"Corn stover, carted","Transport, tractor and trailer",5.067127274149049e-08,t*km,no matching provider with matching unit,False
ABS,ccc739c2-aec2-30d0-a1f1-a7ae81af1e8a,Grinding,"Agricultural machinery, general, production",5.634381084392563e-08,kg,no matching provider with matching unit,False
ABS,520ecb54-7b55-42ca-97c3-4b8192189356,"Ethylene, materials production, organic compound, at plant, kg","Landfill gas, at cracker, m3",0.00011943936000000007,m3,no matching provider with matching unit,False
ABS,520ecb54-7b55-42ca-97c3-4b8192189356,"Ethylene, materials production, organic compound, at plant, kg","Fuel gas, produced onsite, at cracker, m3",0.01874534400000001,m3,no matching provider with matching unit,False
ABS,727c4049-41db-3645-a4f9-af66fa92dee0,"Switchgrass, carted, 2022","Transport, tractor and trailer",5.277207054210861e-08,t*km,no matching provider with matching unit,False
ABS,515c5359-a186-3394-b849-8676652228db,"Forest residue, processed and loaded, at landing system","Transformation, to arable, non-irrigated, fallow",2.639421680202101e-11,m2,no matching provider with matching unit,False
ABS,515c5359-a186-3394-b849-8676652228db,"Forest residue, processed and loaded, at landing system","Transformation, from dump site, residual material landfill",2.036514758845213e-10,m2,no matching provider with matching unit,False
ABS,515c5359-a186-3394-b849-8676652228db,"Forest residue, processed and loaded, at landing system","Transformation, from shrub land, sclerophyllous",1.44602318142469e-09,m2,no matching provider with matching unit,False
ABS,515c5359-a186-3394-b849-8676652228db,"Forest residue, processed and loaded, at landing system","Transformation, to mineral extraction site",3.4027567443804606e-07,m2,no matching provider with matching unit,False
ABS,515c5359-a186-3394-b849-8676652228db,"Forest residue, processed and loaded, at landing system","Transformation, to dump site, residual material landfill",2.0365512061170919e-10,m2,no matching provider with matching unit,False
ABS,515c5359-a186-3394-b849-8676652228db,"Forest residue, processed and loaded, at landing system","Transformation, to pasture and meadow",2.6164706790973983e-11,m2,no matching provider with matching unit,False
ABS,515c5359-a186-3394-b849-8676652228db,"Forest residue, processed and loaded, at landing system","Transformation, to dump site, benthos",7.806536613117334e-08,m2,no matching provider with matching unit,False
ABS,515c5359-a186-3394-b849-8676652228db,"Forest residue, processed and loaded, at landing system","Transformation, to industrial area",1.1182307917178424e-09,m2,no matching provider with matching unit,False
ABS,515c5359-a186-3394-b849-8676652228db,"Forest residue, processed and loaded, at landing system","Transformation, to shrub land, sclerophyllous",1.243328352314316e-09,m2,no matching provider with matching unit,False
ABS,515c5359-a186-3394-b849-8676652228db,"Forest residue, processed and loaded, at landing system","Transformation, to forest, intensive, short-cycle",1.8313759947084988e-10,m2,no matching provider with matching unit,False
ABS,515c5359-a186-3394-b849-8676652228db,"Forest residue, processed and loaded, at landing system","Transformation, to dump site, inert material landfill",1.0305709961142202e-09,m2,no matching provider with matching unit,False
ABS,515c5359-a186-3394-b849-8676652228db,"Forest residue, processed and loaded, at landing system","Transformation, to arable",6.50119468216966e-10,m2,no matching provider with matching unit,False
ABS,515c5359-a186-3394-b849-8676652228db,"Forest residue, processed and loaded, at landing system","Transformation, to heterogeneous, agricultural",1.3135459038425008e-08,m2,no matching provider with matching unit,False
ABS,515c5359-a186-3394-b849-8676652228db,"Forest residue, processed and loaded, at landing system","Transformation, to forest, intensive, clear-cutting",1.8313759947084988e-10,m2,no matching provider with matching unit,False
ABS,515c5359-a186-3394-b849-8676652228db,"Forest residue, processed and loaded, at landing system","Transformation, to water courses, artificial",1.1876254562485353e-09,m2,no matching provider with matching unit,False
ABS,515c5359-a186-3394-b849-8676652228db,"Forest residue, processed and loaded, at landing system","Transformation, from industrial area, vegetation",1.5494421442671257e-12,m2,no matching provider with matching unit,False
ABS,515c5359-a186-3394-b849-8676652228db,"Forest residue, processed and loaded, at landing system","Transformation, to industrial area, vegetation",1.1917943910298578e-09,m2,no matching provider with matching unit,False
ABS,515c5359-a186-3394-b849-8676652228db,"Forest residue, processed and loaded, at landing system","Transformation, from unknown",1.0308342549301153e-07,m2,no matching provider with matching unit,False
ABS,515c5359-a186-3394-b849-8676652228db,"Forest residue, processed and loaded, at landing system","Transformation, from tropical rain forest",1.8313759947084988e-10,m2,no matching provider with matching unit,False
ABS,515c5359-a186-3394-b849-8676652228db,"Forest residue, processed and loaded, at landing system","Transformation, to forest",6.720397986516772e-09,m2,no matching provider with matching unit,False
ABS,515c5359-a186-3394-b849-8676652228db,"Forest residue, processed and loaded, at landing system","Transformation, from forest",2.782777185085499e-07,m2,no matching provider with matching unit,False
ABS,515c5359-a186-3394-b849-8676652228db,"Forest residue, processed and loaded, at landing system","Transformation, from pasture and meadow",2.3385649366544535e-09,m2,no matching provider with matching unit,False
ABS,515c5359-a186-3394-b849-8676652228db,"Forest residue, processed and loaded, at landing system","Transformation, from dump site, inert material landfill",1.0305709961142202e-09,m2,no matching provider with matching unit,False
ABS,515c5359-a186-3394-b849-8676652228db,"Forest residue, processed and loaded, at landing system","Transformation, from industrial area",1.5308018458533777e-10,m2,no matching provider with matching unit,False
ABS,515c5359-a186-3394-b849-8676652228db,"Forest residue, processed and loaded, at landing system","Transformation, from arable, non-irrigated",5.2695759142946925e-08,m2,no matching provider with matching unit,False
ABS,515c5359-a186-3394-b849-8676652228db,"Forest residue, processed and loaded, at landing system","Transformation, to industrial area, built up",1.3608027007706911e-09,m2,no matching provider with matching unit,False
ABS,515c5359-a186-3394-b849-8676652228db,"Forest residue, processed and loaded, at landing system","Transformation, to arable, non-irrigated",5.273846661877742e-08,m2,no matching provider with matching unit,False
ABS,515c5359-a186-3394-b849-8676652228db,"Forest residue, processed and loaded, at landing system","Transformation, from mineral extraction site",6.206928734729805e-09,m2,no matching provider with matching unit,False
ABS,515c5359-a186-3394-b849-8676652228db,"Forest residue, processed and loaded, at landing system","Transformation, to dump site, sanitary landfill",5.256713706271418e-12,m2,no matching provider with matching unit,False
ABS,515c5359-a186-3394-b849-8676652228db,"Forest residue, processed and loaded, at landing system","Transformation, from arable",7.555774848070738e-11,m2,no matching provider with matching unit,False
ABS,515c5359-a186-3394-b849-8676652228db,"Forest residue, processed and loaded, at landing system","Transformation, from dump site, sanitary landfill",5.256713706271418e-12,m2,no matching provider with matching unit,False
ABS,515c5359-a186-3394-b849-8676652228db,"Forest residue, processed and loaded, at landing system","Transformation, to traffic area, road network",5.831388622165094e-09,m2,no matching provider with matching unit,False
ABS,515c5359-a186-3394-b849-8676652228db,"Forest residue, processed and loaded, at landing system","Transformation, from pasture and meadow, intensive",4.2999242230877007e-11,m2,no matching provider with matching unit,False
ABS,515c5359-a186-3394-b849-8676652228db,"Forest residue, processed and loaded, at landing system","Transformation, to permanent crop, fruit, intensive",1.043827878468897e-10,m2,no matching provider with matching unit,False
ABS,515c5359-a186-3394-b849-8676652228db,"Forest residue, processed and loaded, at landing system","Transformation, to unknown",3.874133332768201e-10,m2,no matching provider with matching unit,False
ABS,515c5359-a186-3394-b849-8676652228db,"Forest residue, processed and loaded, at landing system","Transformation, to forest, intensive",4.695725168753152e-10,m2,no matching provider with matching unit,False
ABS,515c5359-a186-3394-b849-8676652228db,"Forest residue, processed and loaded, at landing system","Transformation, from sea and ocean",7.810201873979522e-08,m2,no matching provider with matching unit,False
ABS,515c5359-a186-3394-b849-8676652228db,"Forest residue, processed and loaded, at landing system","Transformation, from forest, intensive, clear-cutting",1.8313759947084988e-10,m2,no matching provider with matching unit,False
ABS,515c5359-a186-3394-b849-8676652228db,"Forest residue, processed and loaded, at landing system","Transformation, to dump site",1.0900134164975667e-09,m2,no matching provider with matching unit,False
ABS,515c5359-a186-3394-b849-8676652228db,"Forest residue, processed and loaded, at landing system","Transformation, to industrial area, benthos",3.6714819666017574e-11,m2,no matching provider with matching unit,False
ABS,515c5359-a186-3394-b849-8676652228db,"Forest residue, processed and loaded, at landing system","Transformation, from arable, non-irrigated, fallow",1.6838152788858517e-11,m2,no matching provider with matching unit,False
ABS,515c5359-a186-3394-b849-8676652228db,"Forest residue, processed and loaded, at landing system","Transformation, to dump site, slag compartment",3.843491615069145e-12,m2,no matching provider with matching unit,False
ABS,515c5359-a186-3394-b849-8676652228db,"Forest residue, processed and loaded, at landing system","Transformation, to traffic area, road embankment",6.836103786717258e-10,m2,no matching provider with matching unit,False
ABS,515c5359-a186-3394-b849-8676652228db,"Forest residue, processed and loaded, at landing system","Transformation, to traffic area, rail network",4.123092754553292e-11,m2,no matching provider with matching unit,False
ABS,515c5359-a186-3394-b849-8676652228db,"Forest residue, processed and loaded, at landing system","Transformation, from dump site, slag compartment",3.843491615069145e-12,m2,no matching provider with matching unit,False
ABS,515c5359-a186-3394-b849-8676652228db,"Forest residue, processed and loaded, at landing system","Transformation, to traffic area, rail embankment",3.7509461738942246e-11,m2,no matching provider with matching unit,False
ABS,515c5359-a186-3394-b849-8676652228db,"Forest residue, processed and loaded, at landing system","Transformation, from forest, extensive",8.281528154865232e-09,m2,no matching provider with matching unit,False
ABS,515c5359-a186-3394-b849-8676652228db,"Forest residue, processed and loaded, at landing system","Transformation, to forest, intensive, normal",7.611546531945417e-09,m2,no matching provider with matching unit,False
ABS,515c5359-a186-3394-b849-8676652228db,"Forest residue, processed and loaded, at landing system","Transformation, to water bodies, artificial",1.668099916818874e-08,m2,no matching provider with matching unit,False
ABS,630010e9-27e1-3ea8-9845-b87832b536f4,"Harvest, corn, single pass",Combine harvesting,0.00024282519015148864,m2,no matching provider with matching unit,False
ABS,24ccf5c5-25f5-35da-bead-5edf4e14cdc1,"Fertilizer, corn, 2022","Potassium nitrate, as K2O, at regional storehouse",1.780222645499753e-06,kg,no matching provider with matching unit,False
ABS,24ccf5c5-25f5-35da-bead-5edf4e14cdc1,"Fertilizer, corn, 2022","Slurry spreading, by vacuum tanker",1.912792416973139e-08,m3,no matching provider with matching unit,False
ABS,24ccf5c5-25f5-35da-bead-5edf4e14cdc1,"Fertilizer, corn, 2022","Solid manure loading and spreading, by hydraulic loader and spreader",5.719438712137505e-08,kg,no matching provider with matching unit,False
ABS,d5b0f333-d1b3-3ba1-8111-b036b67589f8,"Tillage, conservation, corn production","Tillage, cultivating, chiselling",0.7651169667892557,m2,no matching provider with matching unit,False
ABS,d5b0f333-d1b3-3ba1-8111-b036b67589f8,"Tillage, conservation, corn production","Fertilising, by broadcaster",1.5302339335785113,m2,no matching provider with matching unit,False
ABS,d7a673e2-dc84-31fa-b15c-a03a6863c8dd,"Tillage, intensive, corn production","Tillage, ploughing",0.00013408485457593882,m2,no matching provider with matching unit,False
ABS,d7a673e2-dc84-31fa-b15c-a03a6863c8dd,"Tillage, intensive, corn production","Tillage, rolling",6.704242728796941e-05,m2,no matching provider with matching unit,False
ABS,d7a673e2-dc84-31fa-b15c-a03a6863c8dd,"Tillage, intensive, corn production","Fertilising, by broadcaster",6.704242728796941e-05,m2,no matching provider with matching unit,False
ABS,d7a673e2-dc84-31fa-b15c-a03a6863c8dd,"Tillage, intensive, corn production","Tillage, rotary cultivator",0.00013408485457593882,m2,no matching provider with matching unit,False
ABS,d67585e4-5ddf-3722-a4cc-0b7576a05b07,"Tillage, reduce, corn production","Fertilising, by broadcaster",4.583126385222768e-05,m2,no matching provider with matching unit,False
ABS,d67585e4-5ddf-3722-a4cc-0b7576a05b07,"Tillage, reduce, corn production","Tillage, rolling",4.583126385222768e-05,m2,no matching provider with matching unit,False
ABS,d67585e4-5ddf-3722-a4cc-0b7576a05b07,"Tillage, reduce, corn production","Tillage, rotary cultivator",4.583126385222768e-05,m2,no matching provider with matching unit,False
ABS,d67585e4-5ddf-3722-a4cc-0b7576a05b07,"Tillage, reduce, corn production","Tillage, cultivating, chiselling",4.583126385222768e-05,m2,no matching provider with matching unit,False
ABS,2813d2f3-6813-34d8-b47b-b464f390bcaf,"Pesticide, corn, 2022","Organophosphorus-compounds, at regional storehouse",1.4544797784508622e-10,kg,no matching provider with matching unit,False
ABS,2813d2f3-6813-34d8-b47b-b464f390bcaf,"Pesticide, corn, 2022","Application of plant protection products, by field sprayer",0.0003787707756382453,m2,no matching provider with matching unit,False
ABS,2813d2f3-6813-34d8-b47b-b464f390bcaf,"Pesticide, corn, 2022","[sulfonyl]urea-compounds, at regional storehouse",4.5452493076589443e-10,kg,no matching provider with matching unit,False
ABS,2813d2f3-6813-34d8-b47b-b464f390bcaf,"Pesticide, corn, 2022","Metolachlor, at regional storehouse",6.571672957323556e-09,kg,no matching provider with matching unit,False
ABS,2813d2f3-6813-34d8-b47b-b464f390bcaf,"Pesticide, corn, 2022","Glyphosate, at regional storehouse",6.287594875594873e-09,kg,no matching provider with matching unit,False
ABS,2813d2f3-6813-34d8-b47b-b464f390bcaf,"Pesticide, corn, 2022","Pyretroid-compounds, at regional storehouse",1.0605581717870869e-11,kg,no matching provider with matching unit,False
ABS,2813d2f3-6813-34d8-b47b-b464f390bcaf,"Pesticide, corn, 2022","2,4-D, at regional storehouse",3.0680432826697873e-10,kg,no matching provider with matching unit,False
ABS,2813d2f3-6813-34d8-b47b-b464f390bcaf,"Pesticide, corn, 2022","Atrazine, at regional storehouse",1.8124181614290037e-08,kg,no matching provider with matching unit,False
ABS,2813d2f3-6813-34d8-b47b-b464f390bcaf,"Pesticide, corn, 2022","Alachlor, at regional storehouse",8.10569459865845e-09,kg,no matching provider with matching unit,False
ABS,3221bb51-ac5f-36b7-a5c4-d81a5c65ccf0,"Winter wheat straw, carted",Baling,0.00023173769011950387,m2,no matching provider with matching unit,False
ABS,3221bb51-ac5f-36b7-a5c4-d81a5c65ccf0,"Winter wheat straw, carted","Transport, tractor and trailer",2.631442454909629e-08,t*km,no matching provider with matching unit,False
ABS,99898750-1f41-3c25-8ee0-aaae4b6697d0,"Spring wheat straw, carted, 2022","Spring wheat straw, production, average, US, 2022",2.419016238966751e-05,kg,no matching provider with matching unit,False
ABS,99898750-1f41-3c25-8ee0-aaae4b6697d0,"Spring wheat straw, carted, 2022",Baling,0.00026900544730246504,m2,no matching provider with matching unit,False
ABS,99898750-1f41-3c25-8ee0-aaae4b6697d0,"Spring wheat straw, carted, 2022","Transport, tractor and trailer",2.6314424549096294e-08,t*km,no matching provider with matching unit,False
ABS,4d09380a-6297-392c-b1bb-74534b4d3d8e,"Corn stover, production, average, US, 2022",Hay grown for feed,8.409692175155104e-06,kg,no matching provider with matching unit,False
ABS,49d309a8-0c93-4eeb-a342-2fe2254a0bec,"Propylene, materials production, organic compound, at plant, kg","Fuel gas, produced onsite, at cracker, m3",0.028876500000000006,m3,no matching provider with matching unit,False
ABS,49d309a8-0c93-4eeb-a342-2fe2254a0bec,"Propylene, materials production, organic compound, at plant, kg","Landfill gas, at cracker, m3",0.00012806100000000003,m3,no matching provider with matching unit,False
ABS,70d2004a-9f80-48ce-a86c-50e85dd6a637,"Petroleum refined, for material use, at plant","Petroleum refining coproduct, at refinery",0.4711623447107796,kg,no matching provider with matching unit,False
ABS,3ca7a144-e2f3-4963-8c63-768cf0853cee,"Petroleum refined, for energy use, at plant","Petroleum refining coproduct, at refinery",0.041470905196799995,kg,no matching provider with matching unit,False
ABS,29d771d7-71ec-3a22-bbd0-8709d5a328e2,"Natural gas, combusted in industrial boiler, at hydrocracker, for ethylene","Natural gas, production mixture, to energy use",0.04761730800000002,m3,no matching provider with matching unit,False
ABS,f04300c5-ea44-3525-b6ab-c4b8b27b127e,"Switchgrass, harvested, wet","Mowing, by rotary mower",5.624777946308173e-05,m2,no matching provider with matching unit,False
ABS,f04300c5-ea44-3525-b6ab-c4b8b27b127e,"Switchgrass, harvested, wet",Baling,5.624777946308173e-05,m2,no matching provider with matching unit,False
ABS,55d8bf4f-025a-3927-bb96-235d37ba79fc,"Lime, agricultural, corn production","Fertilising, by broadcaster",0.00018938538781912266,m2,no matching provider with matching unit,False
ABS,9c36427d-76de-314c-bfca-4d714b71c9a5,"Switchgrass, production, US, 2022","Tillage, rolling",4.073446558839672e-06,m2,no matching provider with matching unit,False
ABS,9c36427d-76de-314c-bfca-4d714b71c9a5,"Switchgrass, production, US, 2022","Transformation, from arable",1.3564577040936107e-05,m2,no matching provider with matching unit,False
ABS,9c36427d-76de-314c-bfca-4d714b71c9a5,"Switchgrass, production, US, 2022","Transformation, from permanent crop",1.3564577040936107e-05,m2,no matching provider with matching unit,False
ABS,9c36427d-76de-314c-bfca-4d714b71c9a5,"Switchgrass, production, US, 2022","Transformation, from pasture and meadow",1.3564577040936107e-05,m2,no matching provider with matching unit,False
ABS,9c36427d-76de-314c-bfca-4d714b71c9a5,"Switchgrass, production, US, 2022","Tillage, rotary cultivator",4.073446558839672e-06,m2,no matching provider with matching unit,False
ABS,d397dd56-dc53-37a1-956b-5da3aaa81a6f,"Transport, single unit truck, gasoline powered","Gasoline, dispensed at pump",8.655834591329448e-05,btu,no matching provider with matching unit,False
ABS,14b0912f-fb6d-321d-8f42-0ea35918689f,"Fertilizer, winter wheat straw, 2022","Potassium chloride, as K2O, at regional storehouse",2.8376921264802267e-07,kg,no matching provider with matching unit,False
ABS,786522bf-e3a2-3db6-8794-a8d26a370faa,"Harvest, wheat, single pass",Combine harvesting,0.00010420377644779849,m2,no matching provider with matching unit,False
ABS,a941c19b-ed3f-34a9-a91b-ee31e2d6ac18,"Planting, switchgrass, 2022",Planting,4.073446558839672e-05,m2,no matching provider with matching unit,False
ABS,a941c19b-ed3f-34a9-a91b-ee31e2d6ac18,"Planting, switchgrass, 2022","Grass seed IP, at regional storehouse",2.281130072950216e-08,kg,no matching provider with matching unit,False
ABS,a40d4e00-67c2-3f4c-8c2b-1c67a28e6c5c,"Pesticide, switchgrass","2,4-D, at regional storehouse",2.036723279419836e-09,kg,no matching provider with matching unit,False
ABS,a40d4e00-67c2-3f4c-8c2b-1c67a28e6c5c,"Pesticide, switchgrass","Application of plant protection products, by field sprayer",4.073446558839672e-05,m2,no matching provider with matching unit,False
ABS,fef4bce7-747e-30a8-adea-c11de716b08b,"Fertilizer, switchgrass, 2022","Fertilising, by broadcaster",8.146893117679344e-05,m2,no matching provider with matching unit,False
ABS,fef4bce7-747e-30a8-adea-c11de716b08b,"Fertilizer, switchgrass, 2022","Potassium chloride, as K2O, at regional storehouse",4.9696048017844e-07,kg,no matching provider with matching unit,False
ABS,39abf743-0b9e-33e3-8752-b418609504f1,"Natural gas, combusted in industrial boiler, at hydrocracker, for butadiene","Natural gas, production mixture, to energy use",0.011835222868679992,m3,no matching provider with matching unit,False
ABS,f3929bea-4d5f-4691-9aef-aa95392ba015,Hydrogen Fluoride Bridge; USLCI to USEEIO,Other basic inorganic chemicals,2.481768888527537e-07,USD,no matching provider with matching unit,False
ABS,8a0090ee-4054-322f-a65d-15c8ee6ca915,"Natural gas, combusted in industrial boiler, at hydrocracker, for pyrolysis gas","Natural gas, production mixture, to energy use",0.01452759222076568,m3,no matching provider with matching unit,False
ABS,a1c4409b-9e9e-4f3b-bec0-f319fef1e3c5,Zeolite Bridge; USLCI to USEEIO,"Sand, gravel, clay, phosphate, other nonmetallic minerals",1.4659602064842136e-08,USD,no matching provider with matching unit,False
ABS,442ab5b5-32f4-4de0-9aa7-fa989b0579af,"Chemicals organic, at plant Bridge; USLCI to USEEIO",Other basic organic chemicals,5.434601896265207e-08,USD,no matching provider with matching unit,False
LDPE,238589f8-deaf-3218-84e9-703a9bd7f3e1,"Fertilizer, stover, 2022","Potassium chloride, as K2O, at regional storehouse",7.847460789234182e-08,kg,no matching provider with matching unit,False
LDPE,34156f3c-28ef-33db-9ad0-6293a2aa0d52,"Transport, combination truck, diesel powered","Diesel, dispensed at pump",31.680972229455442,btu,no matching provider with matching unit,False
LDPE,dacaeae9-aeed-3366-912d-6a31de09eef9,"Nitrogen fertilizer, production mix, at plant","Natural gas, production mixture, to material use",1.5020064157150745e-07,m3,no matching provider with matching unit,False
LDPE,26465530-69ff-3c68-834f-c67ccb6ee1b2,"Bituminous coal, combusted in industrial boiler","Transport, pipeline, coal slurry",5.284841699075605e-09,t*km,no matching provider with matching unit,False
LDPE,f347daea-82be-4e62-8872-a0dc0ca24ca3,"Natural gas, combusted in industrial boiler","Natural gas, production mixture, to energy use",0.04573639032134426,m3,no matching provider with matching unit,False
LDPE,0aaf1e13-5d80-37f9-b7bb-81a6b8965c71,"Petroleum refining, at refinery","Liquefied petroleum gas, at refinery",1.430619375881633e-07,m3,no matching provider with matching unit,False
LDPE,0aaf1e13-5d80-37f9-b7bb-81a6b8965c71,"Petroleum refining, at refinery","Methyl tert-butyl, at plant",5.890785665394959e-07,kg,no matching provider with matching unit,False
LDPE,0aaf1e13-5d80-37f9-b7bb-81a6b8965c71,"Petroleum refining, at refinery","Residual fuel oil, at refinery",1.6410045782171673e-10,m3,no matching provider with matching unit,False
LDPE,b355f122-dc4e-4224-aafa-d43c3b57db7b,"Natural gas, combusted in industrial equipment","Natural gas, production mixture, to energy use",0.012915009066203959,m3,no matching provider with matching unit,False
LDPE,1b6afe73-a064-33a3-87b0-265ae10851e9,"Sulfuric acid, at plant","Natural gas, combusted in industrial boiler",1.2688521229179704e-05,MJ,no matching provider with matching unit,True
LDPE,64c379de-b24a-36d0-9170-d61d9d9d7278,"Ethanol, 85%, at blending terminal, 2022","Gasoline, at refinery",3.478929705820395e-06,l,no matching provider with matching unit,False
LDPE,64c379de-b24a-36d0-9170-d61d9d9d7278,"Ethanol, 85%, at blending terminal, 2022","Energy, output, from gasoline",0.00011052292065414024,MJ,no matching provider with matching unit,False
LDPE,eaff3c91-b8ce-38a1-a3ba-1fe0c9d4041c,"Transport, barge, residual fuel oil powered","Residual fuel oil, at refinery",0.00016130237094986528,l,no matching provider with matching unit,False
LDPE,f85fcdde-6c6b-3bbb-8efc-de6cb34c9ac7,"Transport, ocean freighter, residual fuel oil powered","Residual fuel oil, at refinery",4.59602283870709e-08,l,no matching provider with matching unit,False
LDPE,d3e13675-1455-375f-a557-bb8234de75ff,"Gasoline, combusted in equipment","Gasoline, at refinery",4.108414453165949e-06,l,no matching provider with matching unit,False
LDPE,9d9b6815-9349-30af-869b-57362428c42e,"Residual fuel oil, combusted in industrial boiler","Residual fuel oil, at refinery",-0.003109295246836812,l,no matching provider with matching unit,False
LDPE,8dcef86f-cf2c-4207-91aa-1398401fe8b7,"Natural gas, at processing, conventional, kg","Transport, pipeline, natural gas",0.00014073207788347408,t*mi,no matching provider with matching unit,False
LDPE,7bfdfa88-b857-4a4a-bbb9-3f51ddc15d30,"Natural gas, at processing, shale, kg","Transport, pipeline, natural gas",0.00013521317286843587,t*mi,no matching provider with matching unit,False
LDPE,dfa7acbc-4a41-3329-951d-b6cde899c91e,"Sulfur, at plant","Natural gas, combusted in industrial boiler",1.2707344661181884e-05,MJ,no matching provider with matching unit,True
LDPE,0879167f-989b-3e3b-b9c5-3c07ea0a3f8e,"Ethanol, denatured, corn stover, biochemical","Energy, output",3.779767614450243e-06,MJ,no matching provider with matching unit,False
LDPE,0879167f-989b-3e3b-b9c5-3c07ea0a3f8e,"Ethanol, denatured, corn stover, biochemical","Chemicals inorganic, at plant",1.0177945673831437e-10,kg,no matching provider with matching unit,False
LDPE,0879167f-989b-3e3b-b9c5-3c07ea0a3f8e,"Ethanol, denatured, corn stover, biochemical","Gasoline, at refinery",2.485561469819888e-08,l,no matching provider with matching unit,False
LDPE,0879167f-989b-3e3b-b9c5-3c07ea0a3f8e,"Ethanol, denatured, corn stover, biochemical","Sulphite, at plant",1.7838188996767732e-11,kg,no matching provider with matching unit,False
LDPE,0879167f-989b-3e3b-b9c5-3c07ea0a3f8e,"Ethanol, denatured, corn stover, biochemical",Sodium hydroxide; at plant,1.7838188996767732e-11,kg,no matching provider with matching unit,False
LDPE,0898854c-e38f-3d23-880f-f8da7d65ca0c,"Ethanol, denatured, switchgrass, biochemical",Sodium hydroxide; at plant,1.7838188996769725e-11,kg,no matching provider with matching unit,False
LDPE,0898854c-e38f-3d23-880f-f8da7d65ca0c,"Ethanol, denatured, switchgrass, biochemical","Chemicals inorganic, at plant",1.0177945673832574e-10,kg,no matching provider with matching unit,False
LDPE,0898854c-e38f-3d23-880f-f8da7d65ca0c,"Ethanol, denatured, switchgrass, biochemical","Energy, output",3.7797676144506654e-06,MJ,no matching provider with matching unit,False
LDPE,0898854c-e38f-3d23-880f-f8da7d65ca0c,"Ethanol, denatured, switchgrass, biochemical","Gasoline, at refinery",2.4855614698201655e-08,l,no matching provider with matching unit,False
LDPE,0898854c-e38f-3d23-880f-f8da7d65ca0c,"Ethanol, denatured, switchgrass, biochemical","Sulphite, at plant",1.7838188996769725e-11,kg,no matching provider with matching unit,False
LDPE,d9cadd89-4203-375a-903a-63197cd29c6a,"Ethanol, denatured, forest residues, thermochem","Energy, output",7.899164336887197e-07,MJ,no matching provider with matching unit,False
LDPE,d9cadd89-4203-375a-903a-63197cd29c6a,"Ethanol, denatured, forest residues, thermochem","Magnesium oxide, at plant",2.0866651112189902e-10,kg,no matching provider with matching unit,False
LDPE,d9cadd89-4203-375a-903a-63197cd29c6a,"Ethanol, denatured, forest residues, thermochem","Chemicals inorganic, at plant",2.993801764345474e-11,kg,no matching provider with matching unit,False
LDPE,d9cadd89-4203-375a-903a-63197cd29c6a,"Ethanol, denatured, forest residues, thermochem","Gasoline, at refinery",5.4913976673547355e-08,l,no matching provider with matching unit,False
LDPE,d9cadd89-4203-375a-903a-63197cd29c6a,"Ethanol, denatured, forest residues, thermochem",Sodium hydroxide; at plant,2.6345508328140823e-11,kg,no matching provider with matching unit,False
LDPE,d9cadd89-4203-375a-903a-63197cd29c6a,"Ethanol, denatured, forest residues, thermochem","Sulphite, at plant",2.6345508328140823e-11,kg,no matching provider with matching unit,False
LDPE,d9cadd89-4203-375a-903a-63197cd29c6a,"Ethanol, denatured, forest residues, thermochem","Monoethanolamine, MEA, at plant",1.7963206600327703e-09,kg,no matching provider with matching unit,False
LDPE,8e3e47ea-ed49-329e-8931-29115917bc81,"Ethanol, denatured, corn dry mill","Yeast paste, from whey, at fermentation",2.1123587019150656e-08,kg,no matching provider with matching unit,False
LDPE,8e3e47ea-ed49-329e-8931-29115917bc81,"Ethanol, denatured, corn dry mill",Sodium hydroxide; at plant,8.132581002373002e-08,kg,no matching provider with matching unit,False
LDPE,8e3e47ea-ed49-329e-8931-29115917bc81,"Ethanol, denatured, corn dry mill","Heat, at cogen with ignition biogas engine, allocation exergy",4.385608724959329e-06,MJ,no matching provider with matching unit,False
LDPE,8e3e47ea-ed49-329e-8931-29115917bc81,"Ethanol, denatured, corn dry mill","Energy, output",0.00010526587531210077,MJ,no matching provider with matching unit,False
LDPE,8e3e47ea-ed49-329e-8931-29115917bc81,"Ethanol, denatured, corn dry mill","Gasoline, at refinery",9.364790245156791e-08,l,no matching provider with matching unit,False
LDPE,7aa8e2ff-0e2f-3e6c-b168-ec5168b4be6a,"Ethanol, denatured, wheat straw, biochemical","Energy, output",3.7797676144503935e-06,MJ,no matching provider with matching unit,False
LDPE,7aa8e2ff-0e2f-3e6c-b168-ec5168b4be6a,"Ethanol, denatured, wheat straw, biochemical","Gasoline, at refinery",2.4855614698199865e-08,l,no matching provider with matching unit,False
LDPE,7aa8e2ff-0e2f-3e6c-b168-ec5168b4be6a,"Ethanol, denatured, wheat straw, biochemical","Sulphite, at plant",1.783818899676844e-11,kg,no matching provider with matching unit,False
LDPE,7aa8e2ff-0e2f-3e6c-b168-ec5168b4be6a,"Ethanol, denatured, wheat straw, biochemical",Sodium hydroxide; at plant,1.783818899676844e-11,kg,no matching provider with matching unit,False
LDPE,7aa8e2ff-0e2f-3e6c-b168-ec5168b4be6a,"Ethanol, denatured, wheat straw, biochemical","Chemicals inorganic, at plant",1.0177945673831841e-10,kg,no matching provider with matching unit,False
LDPE,3dd59224-ecba-3fb1-a2c9-9c01947b08b1,"Enzyme, Cellulase, Novozyme Celluclast","Transformation, to industrial area",6.61174950013072e-08,m2,no matching provider with matching unit,False
LDPE,3dd59224-ecba-3fb1-a2c9-9c01947b08b1,"Enzyme, Cellulase, Novozyme Celluclast","Transformation, from pasture and meadow",6.61174950013072e-08,m2,no matching provider with matching unit,False
LDPE,309485bd-a13b-4539-a23c-036c0b23b4f5,Silica sand Bridge; USLCI to USEEIO,"Sand, gravel, clay, phosphate, other nonmetallic minerals",4.4454104961901826e-10,USD,no matching provider with matching unit,False
LDPE,88aee762-4aa0-301f-b579-cca5d636aa0d,"Soybean oil, crude, degummed, at plant","Heat, from landfill gas",1.2241829720350792e-08,MJ,no matching provider with matching unit,False
LDPE,88aee762-4aa0-301f-b579-cca5d636aa0d,"Soybean oil, crude, degummed, at plant","Heat, from biomass ",2.4483659440701584e-08,MJ,no matching provider with matching unit,False
LDPE,88aee762-4aa0-301f-b579-cca5d636aa0d,"Soybean oil, crude, degummed, at plant","Hexane, at plant",1.1477950051396799e-09,kg,no matching provider with matching unit,False
LDPE,5a782377-d196-304c-baec-fea559a4dfe2,"Enzyme, Glucoamylase, Novozyme Spirizyme","Transformation, to industrial area",1.6546809831668016e-08,m2,no matching provider with matching unit,False
LDPE,5a782377-d196-304c-baec-fea559a4dfe2,"Enzyme, Glucoamylase, Novozyme Spirizyme","Transformation, from pasture and meadow",1.6546809831668016e-08,m2,no matching provider with matching unit,False
LDPE,8504caf4-bea5-3ab2-b8f9-d4861e819f92,"Corn grain, harvested and stored","Fodder loading, by self-loading trailer",6.873016834556338e-08,m3,no matching provider with matching unit,False
LDPE,8504caf4-bea5-3ab2-b8f9-d4861e819f92,"Corn grain, harvested and stored","Transport, tractor and trailer",3.9805585368055915e-08,t*km,no matching provider with matching unit,False
LDPE,391ccf45-4b61-37e9-a2f2-3e19afc0d4ef,"Enzyme, Alpha-amylase, Novozyme Liquozyme","Transformation, to industrial area",3.3797739230641048e-09,m2,no matching provider with matching unit,False
LDPE,391ccf45-4b61-37e9-a2f2-3e19afc0d4ef,"Enzyme, Alpha-amylase, Novozyme Liquozyme","Transformation, from pasture and meadow",3.3797739230641048e-09,m2,no matching provider with matching unit,False
LDPE,4eec7a31-b920-3f91-b7c3-924f2aa92ecc,"Liquefied petroleum gas, combusted in industrial boiler","Liquefied petroleum gas, at refinery",2.654035580144003e-09,l,no matching provider with matching unit,False
LDPE,4be84642-28cb-3508-9189-d8afcec42d92,"Corn stover, ground and stored","Fodder loading, by self-loading trailer",1.4568379315084444e-08,m3,no matching provider with matching unit,False
LDPE,4be84642-28cb-3508-9189-d8afcec42d92,"Corn stover, ground and stored","Agricultural machinery, general, production",4.724709518062773e-09,kg,no matching provider with matching unit,False
LDPE,4be84642-28cb-3508-9189-d8afcec42d92,"Corn stover, ground and stored",Loading bales,7.507038456477516e-09,Item(s),no matching provider with matching unit,False
LDPE,25b4ad17-ccd9-36ff-8ed5-4ad7b4814ae3,"Switchgrass, ground and stored, 2022","Agricultural machinery, general, production",4.724709518063361e-09,kg,no matching provider with matching unit,False
LDPE,25b4ad17-ccd9-36ff-8ed5-4ad7b4814ae3,"Switchgrass, ground and stored, 2022",Loading bales,7.50703845647845e-09,Item(s),no matching provider with matching unit,False
LDPE,25b4ad17-ccd9-36ff-8ed5-4ad7b4814ae3,"Switchgrass, ground and stored, 2022","Fodder loading, by self-loading trailer",1.1892093856965477e-08,m3,no matching provider with matching unit,False
LDPE,96087256-d181-30c8-ae17-f25e1f0eab0c,"Forest residue, dried, stored","Conveyor belt, at plant",3.543754446093785e-10,m,no matching provider with matching unit,False
LDPE,96087256-d181-30c8-ae17-f25e1f0eab0c,"Forest residue, dried, stored","Fodder loading, by self-loading trailer",2.310319436710004e-05,m3,no matching provider with matching unit,False
LDPE,956b53b9-dd05-35ae-a072-69f1f6906290,"Soybean grains, at field","Agrochemicals, at plant",1.0557852758087534e-09,kg,no matching provider with matching unit,False
LDPE,956b53b9-dd05-35ae-a072-69f1f6906290,"Soybean grains, at field","Potash Fertilizer (K2O), at plant",1.8882313586579627e-08,kg,no matching provider with matching unit,False
LDPE,1cbbcd09-ea17-3d9b-bc34-2cf42efe26ba,"Corn, production, average, US, 2022","Transformation, to arable",2.0498552553727243e-05,m2,no matching provider with matching unit,False
LDPE,1cbbcd09-ea17-3d9b-bc34-2cf42efe26ba,"Corn, production, average, US, 2022",Planting,2.0498552553727243e-05,m2,no matching provider with matching unit,False
LDPE,1cbbcd09-ea17-3d9b-bc34-2cf42efe26ba,"Corn, production, average, US, 2022","Transformation, from arable",2.0498552553727243e-05,m2,no matching provider with matching unit,False
LDPE,1cbbcd09-ea17-3d9b-bc34-2cf42efe26ba,"Corn, production, average, US, 2022",Irrigating,7.87144418063126e-07,m3,no matching provider with matching unit,False
LDPE,1cbbcd09-ea17-3d9b-bc34-2cf42efe26ba,"Corn, production, average, US, 2022",Seed corn,4.673669982249811e-08,kg,no matching provider with matching unit,False
LDPE,45b70b50-20a0-341b-8e2f-c196974d1541,"Transport, single unit truck, diesel powered","Diesel, dispensed at pump",7.5051801306938e-05,btu,no matching provider with matching unit,False
LDPE,4e38a874-76e2-3c20-bc6a-eea62883ebaa,"Winter wheat straw, ground and stored","Agricultural machinery, general, production",2.362354759031496e-09,kg,no matching provider with matching unit,False
LDPE,4e38a874-76e2-3c20-bc6a-eea62883ebaa,"Winter wheat straw, ground and stored",Loading bales,3.753519228238933e-09,Item(s),no matching provider with matching unit,False
LDPE,4e38a874-76e2-3c20-bc6a-eea62883ebaa,"Winter wheat straw, ground and stored","Fodder loading, by self-loading trailer",7.2841896575425605e-09,m3,no matching provider with matching unit,False
LDPE,3cfa52ac-c3d6-3ce2-b8f4-211bf63d7088,"Spring wheat straw, ground and stored, 2022","Agricultural machinery, general, production",2.362354759031496e-09,kg,no matching provider with matching unit,False
LDPE,3cfa52ac-c3d6-3ce2-b8f4-211bf63d7088,"Spring wheat straw, ground and stored, 2022","Fodder loading, by self-loading trailer",7.28406182790171e-09,m3,no matching provider with matching unit,False
LDPE,3cfa52ac-c3d6-3ce2-b8f4-211bf63d7088,"Spring wheat straw, ground and stored, 2022",Loading bales,3.753519228238933e-09,Item(s),no matching provider with matching unit,False
LDPE,c0138d7e-3eac-3b37-b27a-58c9d5a2d1cf,"Corn stover, carted",Baling,1.591481100821145e-05,m2,no matching provider with matching unit,False
LDPE,c0138d7e-3eac-3b37-b27a-58c9d5a2d1cf,"Corn stover, carted","Transport, tractor and trailer",5.484518944237214e-09,t*km,no matching provider with matching unit,False
LDPE,ccc739c2-aec2-30d0-a1f1-a7ae81af1e8a,Grinding,"Agricultural machinery, general, production",6.098498838593381e-09,kg,no matching provider with matching unit,False
LDPE,520ecb54-7b55-42ca-97c3-4b8192189356,"Ethylene, materials production, organic compound, at plant, kg","Landfill gas, at cracker, m3",0.00072216,m3,no matching provider with matching unit,False
LDPE,520ecb54-7b55-42ca-97c3-4b8192189356,"Ethylene, materials production, organic compound, at plant, kg","Fuel gas, produced onsite, at cracker, m3",0.113339,m3,no matching provider with matching unit,False
LDPE,727c4049-41db-3645-a4f9-af66fa92dee0,"Switchgrass, carted, 2022","Transport, tractor and trailer",5.711903509734176e-09,t*km,no matching provider with matching unit,False
LDPE,515c5359-a186-3394-b849-8676652228db,"Forest residue, processed and loaded, at landing system","Transformation, to arable, non-irrigated, fallow",2.8568373012359082e-12,m2,no matching provider with matching unit,False
LDPE,515c5359-a186-3394-b849-8676652228db,"Forest residue, processed and loaded, at landing system","Transformation, from dump site, residual material landfill",2.2042674617801012e-11,m2,no matching provider with matching unit,False
LDPE,515c5359-a186-3394-b849-8676652228db,"Forest residue, processed and loaded, at landing system","Transformation, from shrub land, sclerophyllous",1.565135648514321e-10,m2,no matching provider with matching unit,False
LDPE,515c5359-a186-3394-b849-8676652228db,"Forest residue, processed and loaded, at landing system","Transformation, to mineral extraction site",3.683050142118183e-08,m2,no matching provider with matching unit,False
LDPE,515c5359-a186-3394-b849-8676652228db,"Forest residue, processed and loaded, at landing system","Transformation, to dump site, residual material landfill",2.2043069113029316e-11,m2,no matching provider with matching unit,False
LDPE,515c5359-a186-3394-b849-8676652228db,"Forest residue, processed and loaded, at landing system","Transformation, to pasture and meadow",2.8319957700215396e-12,m2,no matching provider with matching unit,False
LDPE,515c5359-a186-3394-b849-8676652228db,"Forest residue, processed and loaded, at landing system","Transformation, to dump site, benthos",8.44958013230753e-09,m2,no matching provider with matching unit,False
LDPE,515c5359-a186-3394-b849-8676652228db,"Forest residue, processed and loaded, at landing system","Transformation, to industrial area",1.2103421977368476e-10,m2,no matching provider with matching unit,False
LDPE,515c5359-a186-3394-b849-8676652228db,"Forest residue, processed and loaded, at landing system","Transformation, to shrub land, sclerophyllous",1.3457443504456414e-10,m2,no matching provider with matching unit,False
LDPE,515c5359-a186-3394-b849-8676652228db,"Forest residue, processed and loaded, at landing system","Transformation, to forest, intensive, short-cycle",1.9822309157779762e-11,m2,no matching provider with matching unit,False
LDPE,515c5359-a186-3394-b849-8676652228db,"Forest residue, processed and loaded, at landing system","Transformation, to dump site, inert material landfill",1.1154616503133046e-10,m2,no matching provider with matching unit,False
LDPE,515c5359-a186-3394-b849-8676652228db,"Forest residue, processed and loaded, at landing system","Transformation, to arable",7.036713993042857e-11,m2,no matching provider with matching unit,False
LDPE,515c5359-a186-3394-b849-8676652228db,"Forest residue, processed and loaded, at landing system","Transformation, to heterogeneous, agricultural",1.4217458934775271e-09,m2,no matching provider with matching unit,False
LDPE,515c5359-a186-3394-b849-8676652228db,"Forest residue, processed and loaded, at landing system","Transformation, to forest, intensive, clear-cutting",1.9822309157779762e-11,m2,no matching provider with matching unit,False
LDPE,515c5359-a186-3394-b849-8676652228db,"Forest residue, processed and loaded, at landing system","Transformation, to water courses, artificial",1.2854530705560995e-10,m2,no matching provider with matching unit,False
LDPE,515c5359-a186-3394-b849-8676652228db,"Forest residue, processed and loaded, at landing system","Transformation, to industrial area, vegetation",1.2899654106944854e-10,m2,no matching provider with matching unit,False
LDPE,515c5359-a186-3394-b849-8676652228db,"Forest residue, processed and loaded, at landing system","Transformation, from unknown",1.1157465944019167e-08,m2,no matching provider with matching unit,False
LDPE,515c5359-a186-3394-b849-8676652228db,"Forest residue, processed and loaded, at landing system","Transformation, from tropical rain forest",1.9822309157779762e-11,m2,no matching provider with matching unit,False
LDPE,515c5359-a186-3394-b849-8676652228db,"Forest residue, processed and loaded, at landing system","Transformation, to forest",7.273973609840823e-10,m2,no matching provider with matching unit,False
LDPE,515c5359-a186-3394-b849-8676652228db,"Forest residue, processed and loaded, at landing system","Transformation, from forest",3.012001349769843e-08,m2,no matching provider with matching unit,False
LDPE,515c5359-a186-3394-b849-8676652228db,"Forest residue, processed and loaded, at landing system","Transformation, from pasture and meadow",2.531198251688709e-10,m2,no matching provider with matching unit,False
LDPE,515c5359-a186-3394-b849-8676652228db,"Forest residue, processed and loaded, at landing system","Transformation, from dump site, inert material landfill",1.1154616503133046e-10,m2,no matching provider with matching unit,False
LDPE,515c5359-a186-3394-b849-8676652228db,"Forest residue, processed and loaded, at landing system","Transformation, from industrial area",1.6568977389394822e-11,m2,no matching provider with matching unit,False
LDPE,515c5359-a186-3394-b849-8676652228db,"Forest residue, processed and loaded, at landing system","Transformation, from arable, non-irrigated",5.703643774153845e-09,m2,no matching provider with matching unit,False
LDPE,515c5359-a186-3394-b849-8676652228db,"Forest residue, processed and loaded, at landing system","Transformation, to industrial area, built up",1.4728953483804844e-10,m2,no matching provider with matching unit,False
LDPE,515c5359-a186-3394-b849-8676652228db,"Forest residue, processed and loaded, at landing system","Transformation, to arable, non-irrigated",5.708266313663518e-09,m2,no matching provider with matching unit,False
LDPE,515c5359-a186-3394-b849-8676652228db,"Forest residue, processed and loaded, at landing system","Transformation, from mineral extraction site",6.718208639602958e-10,m2,no matching provider with matching unit,False
LDPE,515c5359-a186-3394-b849-8676652228db,"Forest residue, processed and loaded, at landing system","Transformation, from arable",8.1781625071958e-12,m2,no matching provider with matching unit,False
LDPE,515c5359-a186-3394-b849-8676652228db,"Forest residue, processed and loaded, at landing system","Transformation, to traffic area, road network",6.311734369222996e-10,m2,no matching provider with matching unit,False
LDPE,515c5359-a186-3394-b849-8676652228db,"Forest residue, processed and loaded, at landing system","Transformation, from pasture and meadow, intensive",4.654119500929528e-12,m2,no matching provider with matching unit,False
LDPE,515c5359-a186-3394-b849-8676652228db,"Forest residue, processed and loaded, at landing system","Transformation, to permanent crop, fruit, intensive",1.1298105344999482e-11,m2,no matching provider with matching unit,False
LDPE,515c5359-a186-3394-b849-8676652228db,"Forest residue, processed and loaded, at landing system","Transformation, to unknown",4.193255173294675e-11,m2,no matching provider with matching unit,False
LDPE,515c5359-a186-3394-b849-8676652228db,"Forest residue, processed and loaded, at landing system","Transformation, to forest, intensive",5.0825235388000236e-11,m2,no matching provider with matching unit,False
LDPE,515c5359-a186-3394-b849-8676652228db,"Forest residue, processed and loaded, at landing system","Transformation, from sea and ocean",8.453547309673846e-09,m2,no matching provider with matching unit,False
LDPE,515c5359-a186-3394-b849-8676652228db,"Forest residue, processed and loaded, at landing system","Transformation, from forest, intensive, clear-cutting",1.9822309157779762e-11,m2,no matching provider with matching unit,False
LDPE,515c5359-a186-3394-b849-8676652228db,"Forest residue, processed and loaded, at landing system","Transformation, to dump site",1.179800488287041e-10,m2,no matching provider with matching unit,False
LDPE,515c5359-a186-3394-b849-8676652228db,"Forest residue, processed and loaded, at landing system","Transformation, to industrial area, benthos",3.973910918318948e-12,m2,no matching provider with matching unit,False
LDPE,515c5359-a186-3394-b849-8676652228db,"Forest residue, processed and loaded, at landing system","Transformation, from arable, non-irrigated, fallow",1.822515262791853e-12,m2,no matching provider with matching unit,False
LDPE,515c5359-a186-3394-b849-8676652228db,"Forest residue, processed and loaded, at landing system","Transformation, to traffic area, road embankment",7.399210379873259e-11,m2,no matching provider with matching unit,False
LDPE,515c5359-a186-3394-b849-8676652228db,"Forest residue, processed and loaded, at landing system","Transformation, to traffic area, rail network",4.462721991721093e-12,m2,no matching provider with matching unit,False
LDPE,515c5359-a186-3394-b849-8676652228db,"Forest residue, processed and loaded, at landing system","Transformation, to traffic area, rail embankment",4.059920786771979e-12,m2,no matching provider with matching unit,False
LDPE,515c5359-a186-3394-b849-8676652228db,"Forest residue, processed and loaded, at landing system","Transformation, from forest, extensive",8.96369788939629e-10,m2,no matching provider with matching unit,False
LDPE,515c5359-a186-3394-b849-8676652228db,"Forest residue, processed and loaded, at landing system","Transformation, to forest, intensive, normal",8.238528241114345e-10,m2,no matching provider with matching unit,False
LDPE,515c5359-a186-3394-b849-8676652228db,"Forest residue, processed and loaded, at landing system","Transformation, to water bodies, artificial",1.8055053879044368e-09,m2,no matching provider with matching unit,False
LDPE,630010e9-27e1-3ea8-9845-b87832b536f4,"Harvest, corn, single pass",Combine harvesting,2.6282729512601318e-05,m2,no matching provider with matching unit,False
LDPE,24ccf5c5-25f5-35da-bead-5edf4e14cdc1,"Fertilizer, corn, 2022","Potassium nitrate, as K2O, at regional storehouse",1.9268639400503607e-07,kg,no matching provider with matching unit,False
LDPE,24ccf5c5-25f5-35da-bead-5edf4e14cdc1,"Fertilizer, corn, 2022","Slurry spreading, by vacuum tanker",2.0703538079264516e-09,m3,no matching provider with matching unit,False
LDPE,24ccf5c5-25f5-35da-bead-5edf4e14cdc1,"Fertilizer, corn, 2022","Solid manure loading and spreading, by hydraulic loader and spreader",6.190562871225627e-09,kg,no matching provider with matching unit,False
LDPE,d5b0f333-d1b3-3ba1-8111-b036b67589f8,"Tillage, conservation, corn production","Tillage, cultivating, chiselling",0.08281415231705808,m2,no matching provider with matching unit,False
LDPE,d5b0f333-d1b3-3ba1-8111-b036b67589f8,"Tillage, conservation, corn production","Fertilising, by broadcaster",0.16562830463411615,m2,no matching provider with matching unit,False
LDPE,d7a673e2-dc84-31fa-b15c-a03a6863c8dd,"Tillage, intensive, corn production","Tillage, ploughing",1.4512975208038888e-05,m2,no matching provider with matching unit,False
LDPE,d7a673e2-dc84-31fa-b15c-a03a6863c8dd,"Tillage, intensive, corn production","Tillage, rolling",7.256487604019444e-06,m2,no matching provider with matching unit,False
LDPE,d7a673e2-dc84-31fa-b15c-a03a6863c8dd,"Tillage, intensive, corn production","Fertilising, by broadcaster",7.256487604019444e-06,m2,no matching provider with matching unit,False
LDPE,d7a673e2-dc84-31fa-b15c-a03a6863c8dd,"Tillage, intensive, corn production","Tillage, rotary cultivator",1.4512975208038888e-05,m2,no matching provider with matching unit,False
LDPE,d67585e4-5ddf-3722-a4cc-0b7576a05b07,"Tillage, reduce, corn production","Fertilising, by broadcaster",4.960649718001993e-06,m2,no matching provider with matching unit,False
LDPE,d67585e4-5ddf-3722-a4cc-0b7576a05b07,"Tillage, reduce, corn production","Tillage, rolling",4.960649718001993e-06,m2,no matching provider with matching unit,False
LDPE,d67585e4-5ddf-3722-a4cc-0b7576a05b07,"Tillage, reduce, corn production","Tillage, rotary cultivator",4.960649718001993e-06,m2,no matching provider with matching unit,False
LDPE,d67585e4-5ddf-3722-a4cc-0b7576a05b07,"Tillage, reduce, corn production","Tillage, cultivating, chiselling",4.960649718001993e-06,m2,no matching provider with matching unit,False
LDPE,2813d2f3-6813-34d8-b47b-b464f390bcaf,"Pesticide, corn, 2022","Organophosphorus-compounds, at regional storehouse",1.574288836126252e-11,kg,no matching provider with matching unit,False
LDPE,2813d2f3-6813-34d8-b47b-b464f390bcaf,"Pesticide, corn, 2022","Application of plant protection products, by field sprayer",4.0997105107454486e-05,m2,no matching provider with matching unit,False
LDPE,2813d2f3-6813-34d8-b47b-b464f390bcaf,"Pesticide, corn, 2022","[sulfonyl]urea-compounds, at regional storehouse",4.919652612894538e-11,kg,no matching provider with matching unit,False
LDPE,2813d2f3-6813-34d8-b47b-b464f390bcaf,"Pesticide, corn, 2022","Metolachlor, at regional storehouse",7.112997736143352e-10,kg,no matching provider with matching unit,False
LDPE,2813d2f3-6813-34d8-b47b-b464f390bcaf,"Pesticide, corn, 2022","Glyphosate, at regional storehouse",6.805519447837445e-10,kg,no matching provider with matching unit,False
LDPE,2813d2f3-6813-34d8-b47b-b464f390bcaf,"Pesticide, corn, 2022","Pyretroid-compounds, at regional storehouse",1.1479189430087254e-12,kg,no matching provider with matching unit,False
LDPE,2813d2f3-6813-34d8-b47b-b464f390bcaf,"Pesticide, corn, 2022","2,4-D, at regional storehouse",3.320765513703813e-11,kg,no matching provider with matching unit,False
LDPE,2813d2f3-6813-34d8-b47b-b464f390bcaf,"Pesticide, corn, 2022","Atrazine, at regional storehouse",1.961711479391697e-09,kg,no matching provider with matching unit,False
LDPE,2813d2f3-6813-34d8-b47b-b464f390bcaf,"Pesticide, corn, 2022","Alachlor, at regional storehouse",8.773380492995259e-10,kg,no matching provider with matching unit,False
LDPE,3221bb51-ac5f-36b7-a5c4-d81a5c65ccf0,"Winter wheat straw, carted",Baling,2.508264905912853e-05,m2,no matching provider with matching unit,False
LDPE,3221bb51-ac5f-36b7-a5c4-d81a5c65ccf0,"Winter wheat straw, carted","Transport, tractor and trailer",2.848200807635252e-09,t*km,no matching provider with matching unit,False
LDPE,99898750-1f41-3c25-8ee0-aaae4b6697d0,"Spring wheat straw, carted, 2022","Spring wheat straw, production, average, US, 2022",2.6182765245932415e-06,kg,no matching provider with matching unit,False
LDPE,99898750-1f41-3c25-8ee0-aaae4b6697d0,"Spring wheat straw, carted, 2022",Baling,2.911640841074277e-05,m2,no matching provider with matching unit,False
LDPE,99898750-1f41-3c25-8ee0-aaae4b6697d0,"Spring wheat straw, carted, 2022","Transport, tractor and trailer",2.8482008076352526e-09,t*km,no matching provider with matching unit,False
LDPE,4d09380a-6297-392c-b1bb-74534b4d3d8e,"Corn stover, production, average, US, 2022",Hay grown for feed,9.102419093585398e-07,kg,no matching provider with matching unit,False
LDPE,70d2004a-9f80-48ce-a86c-50e85dd6a637,"Petroleum refined, for material use, at plant","Petroleum refining coproduct, at refinery",0.1002999999999998,kg,no matching provider with matching unit,False
LDPE,3ca7a144-e2f3-4963-8c63-768cf0853cee,"Petroleum refined, for energy use, at plant","Petroleum refining coproduct, at refinery",0.019056999999999966,kg,no matching provider with matching unit,False
LDPE,29d771d7-71ec-3a22-bbd0-8709d5a328e2,"Natural gas, combusted in industrial boiler, at hydrocracker, for ethylene","Natural gas, production mixture, to energy use",0.11634799999999995,m3,no matching provider with matching unit,False
LDPE,f04300c5-ea44-3525-b6ab-c4b8b27b127e,"Switchgrass, harvested, wet","Mowing, by rotary mower",6.088104666531301e-06,m2,no matching provider with matching unit,False
LDPE,f04300c5-ea44-3525-b6ab-c4b8b27b127e,"Switchgrass, harvested, wet",Baling,6.088104666531301e-06,m2,no matching provider with matching unit,False
LDPE,55d8bf4f-025a-3927-bb96-235d37ba79fc,"Lime, agricultural, corn production","Fertilising, by broadcaster",2.0498552553727243e-05,m2,no matching provider with matching unit,False
LDPE,9c36427d-76de-314c-bfca-4d714b71c9a5,"Switchgrass, production, US, 2022","Tillage, rolling",4.4089863174091867e-07,m2,no matching provider with matching unit,False
LDPE,9c36427d-76de-314c-bfca-4d714b71c9a5,"Switchgrass, production, US, 2022","Transformation, from arable",1.468192443697259e-06,m2,no matching provider with matching unit,False
LDPE,9c36427d-76de-314c-bfca-4d714b71c9a5,"Switchgrass, production, US, 2022","Transformation, from permanent crop",1.468192443697259e-06,m2,no matching provider with matching unit,False
LDPE,9c36427d-76de-314c-bfca-4d714b71c9a5,"Switchgrass, production, US, 2022","Transformation, from pasture and meadow",1.468192443697259e-06,m2,no matching provider with matching unit,False
LDPE,9c36427d-76de-314c-bfca-4d714b71c9a5,"Switchgrass, production, US, 2022","Tillage, rotary cultivator",4.4089863174091867e-07,m2,no matching provider with matching unit,False
LDPE,d397dd56-dc53-37a1-956b-5da3aaa81a6f,"Transport, single unit truck, gasoline powered","Gasoline, dispensed at pump",9.36883686275722e-06,btu,no matching provider with matching unit,False
LDPE,14b0912f-fb6d-321d-8f42-0ea35918689f,"Fertilizer, winter wheat straw, 2022","Potassium chloride, as K2O, at regional storehouse",3.0714397692343784e-08,kg,no matching provider with matching unit,False
LDPE,786522bf-e3a2-3db6-8794-a8d26a370faa,"Harvest, wheat, single pass",Combine harvesting,1.1278729644401653e-05,m2,no matching provider with matching unit,False
LDPE,a941c19b-ed3f-34a9-a91b-ee31e2d6ac18,"Planting, switchgrass, 2022",Planting,4.408986317409186e-06,m2,no matching provider with matching unit,False
LDPE,a941c19b-ed3f-34a9-a91b-ee31e2d6ac18,"Planting, switchgrass, 2022","Grass seed IP, at regional storehouse",2.469032337749144e-09,kg,no matching provider with matching unit,False
LDPE,a40d4e00-67c2-3f4c-8c2b-1c67a28e6c5c,"Pesticide, switchgrass","2,4-D, at regional storehouse",2.2044931587045932e-10,kg,no matching provider with matching unit,False
LDPE,a40d4e00-67c2-3f4c-8c2b-1c67a28e6c5c,"Pesticide, switchgrass","Application of plant protection products, by field sprayer",4.408986317409186e-06,m2,no matching provider with matching unit,False
LDPE,fef4bce7-747e-30a8-adea-c11de716b08b,"Fertilizer, switchgrass, 2022","Fertilising, by broadcaster",8.817972634818372e-06,m2,no matching provider with matching unit,False
LDPE,fef4bce7-747e-30a8-adea-c11de716b08b,"Fertilizer, switchgrass, 2022","Potassium chloride, as K2O, at regional storehouse",5.3789633072392074e-08,kg,no matching provider with matching unit,False
LDPE,f3929bea-4d5f-4691-9aef-aa95392ba015,Hydrogen Fluoride Bridge; USLCI to USEEIO,Other basic inorganic chemicals,2.6861982634201014e-08,USD,no matching provider with matching unit,False
LDPE,6a12cba1-889d-4515-90f8-89feb8d662f2,"Polyethylene, low-density, LDPE, virgin resin, at plant","Nitrogen, liquid, at plant",0.0101,kg,no matching provider with matching unit,False
LDPE,a1c4409b-9e9e-4f3b-bec0-f319fef1e3c5,Zeolite Bridge; USLCI to USEEIO,"Sand, gravel, clay, phosphate, other nonmetallic minerals",1.5867149351031018e-09,USD,no matching provider with matching unit,False
LDPE,442ab5b5-32f4-4de0-9aa7-fa989b0579af,"Chemicals organic, at plant Bridge; USLCI to USEEIO",Other basic organic chemicals,5.882263349988486e-09,USD,no matching provider with matching unit,False
rubber_proxy,238589f8-deaf-3218-84e9-703a9bd7f3e1,"Fertilizer, stover, 2022","Potassium chloride, as K2O, at regional storehouse",2.1740155405914492e-07,kg,no matching provider with matching unit,False
rubber_proxy,34156f3c-28ef-33db-9ad0-6293a2aa0d52,"Transport, combination truck, diesel powered","Diesel, dispensed at pump",381.87500803249515,btu,no matching provider with matching unit,False
rubber_proxy,dacaeae9-aeed-3366-912d-6a31de09eef9,"Nitrogen fertilizer, production mix, at plant","Natural gas, production mixture, to material use",4.161072450737654e-07,m3,no matching provider with matching unit,False
rubber_proxy,26465530-69ff-3c68-834f-c67ccb6ee1b2,"Bituminous coal, combusted in industrial boiler","Transport, pipeline, coal slurry",1.4640822416237602e-08,t*km,no matching provider with matching unit,False
rubber_proxy,f347daea-82be-4e62-8872-a0dc0ca24ca3,"Natural gas, combusted in industrial boiler","Natural gas, production mixture, to energy use",0.331617871157429,m3,no matching provider with matching unit,False
rubber_proxy,0aaf1e13-5d80-37f9-b7bb-81a6b8965c71,"Petroleum refining, at refinery","Liquefied petroleum gas, at refinery",3.9633058888357015e-07,m3,no matching provider with matching unit,False
rubber_proxy,0aaf1e13-5d80-37f9-b7bb-81a6b8965c71,"Petroleum refining, at refinery","Methyl tert-butyl, at plant",1.6319494836382298e-06,kg,no matching provider with matching unit,False
rubber_proxy,0aaf1e13-5d80-37f9-b7bb-81a6b8965c71,"Petroleum refining, at refinery","Residual fuel oil, at refinery",4.546144990135069e-10,m3,no matching provider with matching unit,False
rubber_proxy,b355f122-dc4e-4224-aafa-d43c3b57db7b,"Natural gas, combusted in industrial equipment","Natural gas, production mixture, to energy use",0.0217529103443952,m3,no matching provider with matching unit,False
rubber_proxy,1b6afe73-a064-33a3-87b0-265ae10851e9,"Sulfuric acid, at plant","Natural gas, combusted in industrial boiler",3.515155166777305e-05,MJ,no matching provider with matching unit,True
rubber_proxy,64c379de-b24a-36d0-9170-d61d9d9d7278,"Ethanol, 85%, at blending terminal, 2022","Gasoline, at refinery",9.637827379086348e-06,l,no matching provider with matching unit,False
rubber_proxy,64c379de-b24a-36d0-9170-d61d9d9d7278,"Ethanol, 85%, at blending terminal, 2022","Energy, output, from gasoline",0.00030618636212020477,MJ,no matching provider with matching unit,False
rubber_proxy,eaff3c91-b8ce-38a1-a3ba-1fe0c9d4041c,"Transport, barge, residual fuel oil powered","Residual fuel oil, at refinery",0.0007139581627514844,l,no matching provider with matching unit,False
rubber_proxy,f85fcdde-6c6b-3bbb-8efc-de6cb34c9ac7,"Transport, ocean freighter, residual fuel oil powered","Residual fuel oil, at refinery",1.2732558141573793e-07,l,no matching provider with matching unit,False
rubber_proxy,d3e13675-1455-375f-a557-bb8234de75ff,"Gasoline, combusted in equipment","Gasoline, at refinery",2.9833917106941347e-05,l,no matching provider with matching unit,False
rubber_proxy,9d9b6815-9349-30af-869b-57362428c42e,"Residual fuel oil, combusted in industrial boiler","Residual fuel oil, at refinery",1.3167890727999811e-08,l,no matching provider with matching unit,False
rubber_proxy,8dcef86f-cf2c-4207-91aa-1398401fe8b7,"Natural gas, at processing, conventional, kg","Transport, pipeline, natural gas",0.00010662243292617935,t*mi,no matching provider with matching unit,False
rubber_proxy,7bfdfa88-b857-4a4a-bbb9-3f51ddc15d30,"Natural gas, at processing, shale, kg","Transport, pipeline, natural gas",0.00010244116104672132,t*mi,no matching provider with matching unit,False
rubber_proxy,dfa7acbc-4a41-3329-951d-b6cde899c91e,"Sulfur, at plant","Natural gas, combusted in industrial boiler",3.520369902447745e-05,MJ,no matching provider with matching unit,True
rubber_proxy,0879167f-989b-3e3b-b9c5-3c07ea0a3f8e,"Ethanol, denatured, corn stover, biochemical","Energy, output",1.047125147144697e-05,MJ,no matching provider with matching unit,False
rubber_proxy,0879167f-989b-3e3b-b9c5-3c07ea0a3f8e,"Ethanol, denatured, corn stover, biochemical","Chemicals inorganic, at plant",2.819639710281922e-10,kg,no matching provider with matching unit,False
rubber_proxy,0879167f-989b-3e3b-b9c5-3c07ea0a3f8e,"Ethanol, denatured, corn stover, biochemical","Gasoline, at refinery",6.885856976688483e-08,l,no matching provider with matching unit,False
rubber_proxy,0879167f-989b-3e3b-b9c5-3c07ea0a3f8e,"Ethanol, denatured, corn stover, biochemical","Sulphite, at plant",4.941789597494106e-11,kg,no matching provider with matching unit,False
rubber_proxy,0879167f-989b-3e3b-b9c5-3c07ea0a3f8e,"Ethanol, denatured, corn stover, biochemical",Sodium hydroxide; at plant,4.941789597494106e-11,kg,no matching provider with matching unit,False
rubber_proxy,0898854c-e38f-3d23-880f-f8da7d65ca0c,"Ethanol, denatured, switchgrass, biochemical",Sodium hydroxide; at plant,4.9417895974946763e-11,kg,no matching provider with matching unit,False
rubber_proxy,0898854c-e38f-3d23-880f-f8da7d65ca0c,"Ethanol, denatured, switchgrass, biochemical","Chemicals inorganic, at plant",2.819639710282247e-10,kg,no matching provider with matching unit,False
rubber_proxy,0898854c-e38f-3d23-880f-f8da7d65ca0c,"Ethanol, denatured, switchgrass, biochemical","Energy, output",1.0471251471448178e-05,MJ,no matching provider with matching unit,False
rubber_proxy,0898854c-e38f-3d23-880f-f8da7d65ca0c,"Ethanol, denatured, switchgrass, biochemical","Gasoline, at refinery",6.885856976689278e-08,l,no matching provider with matching unit,False
rubber_proxy,0898854c-e38f-3d23-880f-f8da7d65ca0c,"Ethanol, denatured, switchgrass, biochemical","Sulphite, at plant",4.9417895974946763e-11,kg,no matching provider with matching unit,False
rubber_proxy,d9cadd89-4203-375a-903a-63197cd29c6a,"Ethanol, denatured, forest residues, thermochem","Energy, output",2.18833919497091e-06,MJ,no matching provider with matching unit,False
rubber_proxy,d9cadd89-4203-375a-903a-63197cd29c6a,"Ethanol, denatured, forest residues, thermochem","Magnesium oxide, at plant",5.780777377089349e-10,kg,no matching provider with matching unit,False
rubber_proxy,d9cadd89-4203-375a-903a-63197cd29c6a,"Ethanol, denatured, forest residues, thermochem","Chemicals inorganic, at plant",8.293856746715033e-11,kg,no matching provider with matching unit,False
rubber_proxy,d9cadd89-4203-375a-903a-63197cd29c6a,"Ethanol, denatured, forest residues, thermochem","Gasoline, at refinery",1.5213053227070498e-07,l,no matching provider with matching unit,False
rubber_proxy,d9cadd89-4203-375a-903a-63197cd29c6a,"Ethanol, denatured, forest residues, thermochem",Sodium hydroxide; at plant,7.298608565045025e-11,kg,no matching provider with matching unit,False
rubber_proxy,d9cadd89-4203-375a-903a-63197cd29c6a,"Ethanol, denatured, forest residues, thermochem","Sulphite, at plant",7.298608565045025e-11,kg,no matching provider with matching unit,False
rubber_proxy,d9cadd89-4203-375a-903a-63197cd29c6a,"Ethanol, denatured, forest residues, thermochem","Monoethanolamine, MEA, at plant",4.976423757547484e-09,kg,no matching provider with matching unit,False
rubber_proxy,8e3e47ea-ed49-329e-8931-29115917bc81,"Ethanol, denatured, corn dry mill","Yeast paste, from whey, at fermentation",5.85195742751215e-08,kg,no matching provider with matching unit,False
rubber_proxy,8e3e47ea-ed49-329e-8931-29115917bc81,"Ethanol, denatured, corn dry mill",Sodium hydroxide; at plant,2.253003609592178e-07,kg,no matching provider with matching unit,False
rubber_proxy,8e3e47ea-ed49-329e-8931-29115917bc81,"Ethanol, denatured, corn dry mill","Heat, at cogen with ignition biogas engine, allocation exergy",1.2149638945753143e-05,MJ,no matching provider with matching unit,False
rubber_proxy,8e3e47ea-ed49-329e-8931-29115917bc81,"Ethanol, denatured, corn dry mill","Energy, output",0.00029162254513768885,MJ,no matching provider with matching unit,False
rubber_proxy,8e3e47ea-ed49-329e-8931-29115917bc81,"Ethanol, denatured, corn dry mill","Gasoline, at refinery",2.59436779286372e-07,l,no matching provider with matching unit,False
rubber_proxy,7aa8e2ff-0e2f-3e6c-b168-ec5168b4be6a,"Ethanol, denatured, wheat straw, biochemical","Energy, output",1.0471251471447405e-05,MJ,no matching provider with matching unit,False
rubber_proxy,7aa8e2ff-0e2f-3e6c-b168-ec5168b4be6a,"Ethanol, denatured, wheat straw, biochemical","Gasoline, at refinery",6.88585697668877e-08,l,no matching provider with matching unit,False
rubber_proxy,7aa8e2ff-0e2f-3e6c-b168-ec5168b4be6a,"Ethanol, denatured, wheat straw, biochemical","Sulphite, at plant",4.941789597494311e-11,kg,no matching provider with matching unit,False
rubber_proxy,7aa8e2ff-0e2f-3e6c-b168-ec5168b4be6a,"Ethanol, denatured, wheat straw, biochemical",Sodium hydroxide; at plant,4.941789597494311e-11,kg,no matching provider with matching unit,False
rubber_proxy,7aa8e2ff-0e2f-3e6c-b168-ec5168b4be6a,"Ethanol, denatured, wheat straw, biochemical","Chemicals inorganic, at plant",2.8196397102820394e-10,kg,no matching provider with matching unit,False
rubber_proxy,3dd59224-ecba-3fb1-a2c9-9c01947b08b1,"Enzyme, Cellulase, Novozyme Celluclast","Transformation, to industrial area",1.8316811704878443e-07,m2,no matching provider with matching unit,False
rubber_proxy,3dd59224-ecba-3fb1-a2c9-9c01947b08b1,"Enzyme, Cellulase, Novozyme Celluclast","Transformation, from pasture and meadow",1.8316811704878443e-07,m2,no matching provider with matching unit,False
rubber_proxy,309485bd-a13b-4539-a23c-036c0b23b4f5,Silica sand Bridge; USLCI to USEEIO,"Sand, gravel, clay, phosphate, other nonmetallic minerals",1.2315310343804762e-09,USD,no matching provider with matching unit,False
rubber_proxy,88aee762-4aa0-301f-b579-cca5d636aa0d,"Soybean oil, crude, degummed, at plant","Heat, from landfill gas",3.391406312450539e-08,MJ,no matching provider with matching unit,False
rubber_proxy,88aee762-4aa0-301f-b579-cca5d636aa0d,"Soybean oil, crude, degummed, at plant","Heat, from biomass ",6.782812624901078e-08,MJ,no matching provider with matching unit,False
rubber_proxy,88aee762-4aa0-301f-b579-cca5d636aa0d,"Soybean oil, crude, degummed, at plant","Hexane, at plant",3.1797854689636748e-09,kg,no matching provider with matching unit,False
rubber_proxy,5a782377-d196-304c-baec-fea559a4dfe2,"Enzyme, Glucoamylase, Novozyme Spirizyme","Transformation, to industrial area",4.584033318217851e-08,m2,no matching provider with matching unit,False
rubber_proxy,5a782377-d196-304c-baec-fea559a4dfe2,"Enzyme, Glucoamylase, Novozyme Spirizyme","Transformation, from pasture and meadow",4.584033318217851e-08,m2,no matching provider with matching unit,False
rubber_proxy,8504caf4-bea5-3ab2-b8f9-d4861e819f92,"Corn grain, harvested and stored","Fodder loading, by self-loading trailer",1.9040611747395926e-07,m3,no matching provider with matching unit,False
rubber_proxy,8504caf4-bea5-3ab2-b8f9-d4861e819f92,"Corn grain, harvested and stored","Transport, tractor and trailer",1.1027511129614477e-07,t*km,no matching provider with matching unit,False
rubber_proxy,391ccf45-4b61-37e9-a2f2-3e19afc0d4ef,"Enzyme, Alpha-amylase, Novozyme Liquozyme","Transformation, to industrial area",9.363131884019441e-09,m2,no matching provider with matching unit,False
rubber_proxy,391ccf45-4b61-37e9-a2f2-3e19afc0d4ef,"Enzyme, Alpha-amylase, Novozyme Liquozyme","Transformation, from pasture and meadow",9.363131884019441e-09,m2,no matching provider with matching unit,False
rubber_proxy,4eec7a31-b920-3f91-b7c3-924f2aa92ecc,"Liquefied petroleum gas, combusted in industrial boiler","Liquefied petroleum gas, at refinery",7.352587991814349e-09,l,no matching provider with matching unit,False
rubber_proxy,4be84642-28cb-3508-9189-d8afcec42d92,"Corn stover, ground and stored","Fodder loading, by self-loading trailer",4.035940272001714e-08,m3,no matching provider with matching unit,False
rubber_proxy,4be84642-28cb-3508-9189-d8afcec42d92,"Corn stover, ground and stored","Agricultural machinery, general, production",1.3089064339308646e-08,kg,no matching provider with matching unit,False
rubber_proxy,4be84642-28cb-3508-9189-d8afcec42d92,"Corn stover, ground and stored",Loading bales,2.079706889467929e-08,Item(s),no matching provider with matching unit,False
rubber_proxy,25b4ad17-ccd9-36ff-8ed5-4ad7b4814ae3,"Switchgrass, ground and stored, 2022","Agricultural machinery, general, production",1.3089064339310278e-08,kg,no matching provider with matching unit,False
rubber_proxy,25b4ad17-ccd9-36ff-8ed5-4ad7b4814ae3,"Switchgrass, ground and stored, 2022",Loading bales,2.0797068894681885e-08,Item(s),no matching provider with matching unit,False
rubber_proxy,25b4ad17-ccd9-36ff-8ed5-4ad7b4814ae3,"Switchgrass, ground and stored, 2022","Fodder loading, by self-loading trailer",3.294517494204397e-08,m3,no matching provider with matching unit,False
rubber_proxy,96087256-d181-30c8-ae17-f25e1f0eab0c,"Forest residue, dried, stored","Dried roughage store, non ventilated",2.7042176967350647e-12,m3,no matching provider with matching unit,False
rubber_proxy,96087256-d181-30c8-ae17-f25e1f0eab0c,"Forest residue, dried, stored","Conveyor belt, at plant",9.817414122562013e-10,m,no matching provider with matching unit,False
rubber_proxy,96087256-d181-30c8-ae17-f25e1f0eab0c,"Forest residue, dried, stored","Fodder loading, by self-loading trailer",6.400376496342052e-05,m3,no matching provider with matching unit,False
rubber_proxy,956b53b9-dd05-35ae-a072-69f1f6906290,"Soybean grains, at field","Agrochemicals, at plant",2.9248869905597224e-09,kg,no matching provider with matching unit,False
rubber_proxy,956b53b9-dd05-35ae-a072-69f1f6906290,"Soybean grains, at field","Potash Fertilizer (K2O), at plant",5.23104788696258e-08,kg,no matching provider with matching unit,False
rubber_proxy,1cbbcd09-ea17-3d9b-bc34-2cf42efe26ba,"Corn, production, average, US, 2022","Transformation, to arable",5.678801463088608e-05,m2,no matching provider with matching unit,False
rubber_proxy,1cbbcd09-ea17-3d9b-bc34-2cf42efe26ba,"Corn, production, average, US, 2022",Planting,5.678801463088608e-05,m2,no matching provider with matching unit,False
rubber_proxy,1cbbcd09-ea17-3d9b-bc34-2cf42efe26ba,"Corn, production, average, US, 2022","Transformation, from arable",5.678801463088608e-05,m2,no matching provider with matching unit,False
rubber_proxy,1cbbcd09-ea17-3d9b-bc34-2cf42efe26ba,"Corn, production, average, US, 2022",Irrigating,2.1806597618260254e-06,m3,no matching provider with matching unit,False
rubber_proxy,1cbbcd09-ea17-3d9b-bc34-2cf42efe26ba,"Corn, production, average, US, 2022",Seed corn,1.2947667335842026e-07,kg,no matching provider with matching unit,False
rubber_proxy,45b70b50-20a0-341b-8e2f-c196974d1541,"Transport, single unit truck, diesel powered","Diesel, dispensed at pump",0.00020791920695464002,btu,no matching provider with matching unit,False
rubber_proxy,4e38a874-76e2-3c20-bc6a-eea62883ebaa,"Winter wheat straw, ground and stored","Agricultural machinery, general, production",6.544532169654628e-09,kg,no matching provider with matching unit,False
rubber_proxy,4e38a874-76e2-3c20-bc6a-eea62883ebaa,"Winter wheat straw, ground and stored",Loading bales,1.039853444734013e-08,Item(s),no matching provider with matching unit,False
rubber_proxy,4e38a874-76e2-3c20-bc6a-eea62883ebaa,"Winter wheat straw, ground and stored","Fodder loading, by self-loading trailer",2.017970136000951e-08,m3,no matching provider with matching unit,False
rubber_proxy,3cfa52ac-c3d6-3ce2-b8f4-211bf63d7088,"Spring wheat straw, ground and stored, 2022","Agricultural machinery, general, production",6.544532169654628e-09,kg,no matching provider with matching unit,False
rubber_proxy,3cfa52ac-c3d6-3ce2-b8f4-211bf63d7088,"Spring wheat straw, ground and stored, 2022","Fodder loading, by self-loading trailer",2.0179347228102104e-08,m3,no matching provider with matching unit,False
rubber_proxy,3cfa52ac-c3d6-3ce2-b8f4-211bf63d7088,"Spring wheat straw, ground and stored, 2022",Loading bales,1.039853444734013e-08,Item(s),no matching provider with matching unit,False
rubber_proxy,c0138d7e-3eac-3b37-b27a-58c9d5a2d1cf,"Corn stover, carted",Baling,4.408947987977652e-05,m2,no matching provider with matching unit,False
rubber_proxy,c0138d7e-3eac-3b37-b27a-58c9d5a2d1cf,"Corn stover, carted","Transport, tractor and trailer",1.519399680696397e-08,t*km,no matching provider with matching unit,False
rubber_proxy,ccc739c2-aec2-30d0-a1f1-a7ae81af1e8a,Grinding,"Agricultural machinery, general, production",1.689493150137136e-08,kg,no matching provider with matching unit,False
rubber_proxy,727c4049-41db-3645-a4f9-af66fa92dee0,"Switchgrass, carted, 2022","Transport, tractor and trailer",1.5823929969241382e-08,t*km,no matching provider with matching unit,False
rubber_proxy,515c5359-a186-3394-b849-8676652228db,"Forest residue, processed and loaded, at landing system","Transformation, to arable, non-irrigated, fallow",7.914418251504638e-12,m2,no matching provider with matching unit,False
rubber_proxy,515c5359-a186-3394-b849-8676652228db,"Forest residue, processed and loaded, at landing system","Transformation, from dump site, residual material landfill",6.106576185897274e-11,m2,no matching provider with matching unit,False
rubber_proxy,515c5359-a186-3394-b849-8676652228db,"Forest residue, processed and loaded, at landing system","Transformation, from shrub land, sclerophyllous",4.335962057525445e-10,m2,no matching provider with matching unit,False
rubber_proxy,515c5359-a186-3394-b849-8676652228db,"Forest residue, processed and loaded, at landing system","Transformation, to mineral extraction site",1.0203310931769386e-07,m2,no matching provider with matching unit,False
rubber_proxy,515c5359-a186-3394-b849-8676652228db,"Forest residue, processed and loaded, at landing system","Transformation, to dump site, residual material landfill",6.106685474593331e-11,m2,no matching provider with matching unit,False
rubber_proxy,515c5359-a186-3394-b849-8676652228db,"Forest residue, processed and loaded, at landing system","Transformation, to pasture and meadow",7.845598697813824e-12,m2,no matching provider with matching unit,False
rubber_proxy,515c5359-a186-3394-b849-8676652228db,"Forest residue, processed and loaded, at landing system","Transformation, to dump site, benthos",2.340823230911864e-08,m2,no matching provider with matching unit,False
rubber_proxy,515c5359-a186-3394-b849-8676652228db,"Forest residue, processed and loaded, at landing system","Transformation, to industrial area",3.3530626249491574e-10,m2,no matching provider with matching unit,False
rubber_proxy,515c5359-a186-3394-b849-8676652228db,"Forest residue, processed and loaded, at landing system","Transformation, to shrub land, sclerophyllous",3.728172985006376e-10,m2,no matching provider with matching unit,False
rubber_proxy,515c5359-a186-3394-b849-8676652228db,"Forest residue, processed and loaded, at landing system","Transformation, to forest, intensive, short-cycle",5.4914588701789305e-11,m2,no matching provider with matching unit,False
rubber_proxy,515c5359-a186-3394-b849-8676652228db,"Forest residue, processed and loaded, at landing system","Transformation, to dump site, inert material landfill",3.090210996710902e-10,m2,no matching provider with matching unit,False
rubber_proxy,515c5359-a186-3394-b849-8676652228db,"Forest residue, processed and loaded, at landing system","Transformation, to arable",1.949410896905593e-10,m2,no matching provider with matching unit,False
rubber_proxy,515c5359-a186-3394-b849-8676652228db,"Forest residue, processed and loaded, at landing system","Transformation, to heterogeneous, agricultural",3.9387233019788725e-09,m2,no matching provider with matching unit,False
rubber_proxy,515c5359-a186-3394-b849-8676652228db,"Forest residue, processed and loaded, at landing system","Transformation, to forest, intensive, clear-cutting",5.4914588701789305e-11,m2,no matching provider with matching unit,False
rubber_proxy,515c5359-a186-3394-b849-8676652228db,"Forest residue, processed and loaded, at landing system","Transformation, to water courses, artificial",3.561145480234602e-10,m2,no matching provider with matching unit,False
rubber_proxy,515c5359-a186-3394-b849-8676652228db,"Forest residue, processed and loaded, at landing system","Transformation, to industrial area, vegetation",3.573646208621475e-10,m2,no matching provider with matching unit,False
rubber_proxy,515c5359-a186-3394-b849-8676652228db,"Forest residue, processed and loaded, at landing system","Transformation, from unknown",3.09100038947562e-08,m2,no matching provider with matching unit,False
rubber_proxy,515c5359-a186-3394-b849-8676652228db,"Forest residue, processed and loaded, at landing system","Transformation, from tropical rain forest",5.4914588701789305e-11,m2,no matching provider with matching unit,False
rubber_proxy,515c5359-a186-3394-b849-8676652228db,"Forest residue, processed and loaded, at landing system","Transformation, to forest",2.0151399407233304e-09,m2,no matching provider with matching unit,False
rubber_proxy,515c5359-a186-3394-b849-8676652228db,"Forest residue, processed and loaded, at landing system","Transformation, from forest",8.344275834630936e-08,m2,no matching provider with matching unit,False
rubber_proxy,515c5359-a186-3394-b849-8676652228db,"Forest residue, processed and loaded, at landing system","Transformation, from pasture and meadow",7.012286500416108e-10,m2,no matching provider with matching unit,False
rubber_proxy,515c5359-a186-3394-b849-8676652228db,"Forest residue, processed and loaded, at landing system","Transformation, from dump site, inert material landfill",3.090210996710902e-10,m2,no matching provider with matching unit,False
rubber_proxy,515c5359-a186-3394-b849-8676652228db,"Forest residue, processed and loaded, at landing system","Transformation, from industrial area",4.590174491304202e-11,m2,no matching provider with matching unit,False
rubber_proxy,515c5359-a186-3394-b849-8676652228db,"Forest residue, processed and loaded, at landing system","Transformation, from arable, non-irrigated",1.5801047671393584e-08,m2,no matching provider with matching unit,False
rubber_proxy,515c5359-a186-3394-b849-8676652228db,"Forest residue, processed and loaded, at landing system","Transformation, to industrial area, built up",4.0804248189897813e-10,m2,no matching provider with matching unit,False
rubber_proxy,515c5359-a186-3394-b849-8676652228db,"Forest residue, processed and loaded, at landing system","Transformation, to arable, non-irrigated",1.5813853689799963e-08,m2,no matching provider with matching unit,False
rubber_proxy,515c5359-a186-3394-b849-8676652228db,"Forest residue, processed and loaded, at landing system","Transformation, from mineral extraction site",1.861174000062495e-09,m2,no matching provider with matching unit,False
rubber_proxy,515c5359-a186-3394-b849-8676652228db,"Forest residue, processed and loaded, at landing system","Transformation, to dump site, sanitary landfill",1.5762479793173286e-12,m2,no matching provider with matching unit,False
rubber_proxy,515c5359-a186-3394-b849-8676652228db,"Forest residue, processed and loaded, at landing system","Transformation, from arable",2.265631248329061e-11,m2,no matching provider with matching unit,False
rubber_proxy,515c5359-a186-3394-b849-8676652228db,"Forest residue, processed and loaded, at landing system","Transformation, from dump site, sanitary landfill",1.5762479793173286e-12,m2,no matching provider with matching unit,False
rubber_proxy,515c5359-a186-3394-b849-8676652228db,"Forest residue, processed and loaded, at landing system","Transformation, to traffic area, road network",1.748566698874203e-09,m2,no matching provider with matching unit,False
rubber_proxy,515c5359-a186-3394-b849-8676652228db,"Forest residue, processed and loaded, at landing system","Transformation, from pasture and meadow, intensive",1.2893505803394935e-11,m2,no matching provider with matching unit,False
rubber_proxy,515c5359-a186-3394-b849-8676652228db,"Forest residue, processed and loaded, at landing system","Transformation, to permanent crop, fruit, intensive",3.129962322712691e-11,m2,no matching provider with matching unit,False
rubber_proxy,515c5359-a186-3394-b849-8676652228db,"Forest residue, processed and loaded, at landing system","Transformation, to unknown",1.1616753695557803e-10,m2,no matching provider with matching unit,False
rubber_proxy,515c5359-a186-3394-b849-8676652228db,"Forest residue, processed and loaded, at landing system","Transformation, to forest, intensive",1.4080331785705418e-10,m2,no matching provider with matching unit,False
rubber_proxy,515c5359-a186-3394-b849-8676652228db,"Forest residue, processed and loaded, at landing system","Transformation, from sea and ocean",2.341922274982079e-08,m2,no matching provider with matching unit,False
rubber_proxy,515c5359-a186-3394-b849-8676652228db,"Forest residue, processed and loaded, at landing system","Transformation, from forest, intensive, clear-cutting",5.4914588701789305e-11,m2,no matching provider with matching unit,False
rubber_proxy,515c5359-a186-3394-b849-8676652228db,"Forest residue, processed and loaded, at landing system","Transformation, to dump site",3.2684516243166994e-10,m2,no matching provider with matching unit,False
rubber_proxy,515c5359-a186-3394-b849-8676652228db,"Forest residue, processed and loaded, at landing system","Transformation, to industrial area, benthos",1.100909494852605e-11,m2,no matching provider with matching unit,False
rubber_proxy,515c5359-a186-3394-b849-8676652228db,"Forest residue, processed and loaded, at landing system","Transformation, from arable, non-irrigated, fallow",5.048991783062171e-12,m2,no matching provider with matching unit,False
rubber_proxy,515c5359-a186-3394-b849-8676652228db,"Forest residue, processed and loaded, at landing system","Transformation, to dump site, slag compartment",1.1524873200813857e-12,m2,no matching provider with matching unit,False
rubber_proxy,515c5359-a186-3394-b849-8676652228db,"Forest residue, processed and loaded, at landing system","Transformation, to traffic area, road embankment",2.049834817399556e-10,m2,no matching provider with matching unit,False
rubber_proxy,515c5359-a186-3394-b849-8676652228db,"Forest residue, processed and loaded, at landing system","Transformation, to traffic area, rail network",1.2363269118401904e-11,m2,no matching provider with matching unit,False
rubber_proxy,515c5359-a186-3394-b849-8676652228db,"Forest residue, processed and loaded, at landing system","Transformation, from dump site, slag compartment",1.1524873200813857e-12,m2,no matching provider with matching unit,False
rubber_proxy,515c5359-a186-3394-b849-8676652228db,"Forest residue, processed and loaded, at landing system","Transformation, to traffic area, rail embankment",1.1247371756379162e-11,m2,no matching provider with matching unit,False
rubber_proxy,515c5359-a186-3394-b849-8676652228db,"Forest residue, processed and loaded, at landing system","Transformation, from forest, extensive",2.4832514664423096e-09,m2,no matching provider with matching unit,False
rubber_proxy,515c5359-a186-3394-b849-8676652228db,"Forest residue, processed and loaded, at landing system","Transformation, to forest, intensive, normal",2.2823546251235224e-09,m2,no matching provider with matching unit,False
rubber_proxy,515c5359-a186-3394-b849-8676652228db,"Forest residue, processed and loaded, at landing system","Transformation, to water bodies, artificial",5.001868601001178e-09,m2,no matching provider with matching unit,False
rubber_proxy,630010e9-27e1-3ea8-9845-b87832b536f4,"Harvest, corn, single pass",Combine harvesting,7.281216681954632e-05,m2,no matching provider with matching unit,False
rubber_proxy,24ccf5c5-25f5-35da-bead-5edf4e14cdc1,"Fertilizer, corn, 2022","Potassium nitrate, as K2O, at regional storehouse",5.338073375303291e-07,kg,no matching provider with matching unit,False
rubber_proxy,24ccf5c5-25f5-35da-bead-5edf4e14cdc1,"Fertilizer, corn, 2022","Slurry spreading, by vacuum tanker",5.735589477719495e-09,m3,no matching provider with matching unit,False
rubber_proxy,24ccf5c5-25f5-35da-bead-5edf4e14cdc1,"Fertilizer, corn, 2022","Solid manure loading and spreading, by hydraulic loader and spreader",1.7149980418527597e-08,kg,no matching provider with matching unit,False
rubber_proxy,d5b0f333-d1b3-3ba1-8111-b036b67589f8,"Tillage, conservation, corn production","Tillage, cultivating, chiselling",0.22942357910877983,m2,no matching provider with matching unit,False
rubber_proxy,d5b0f333-d1b3-3ba1-8111-b036b67589f8,"Tillage, conservation, corn production","Fertilising, by broadcaster",0.45884715821755967,m2,no matching provider with matching unit,False
rubber_proxy,d7a673e2-dc84-31fa-b15c-a03a6863c8dd,"Tillage, intensive, corn production","Tillage, ploughing",4.0205914358667346e-05,m2,no matching provider with matching unit,False
rubber_proxy,d7a673e2-dc84-31fa-b15c-a03a6863c8dd,"Tillage, intensive, corn production","Tillage, rolling",2.0102957179333673e-05,m2,no matching provider with matching unit,False
rubber_proxy,d7a673e2-dc84-31fa-b15c-a03a6863c8dd,"Tillage, intensive, corn production","Fertilising, by broadcaster",2.0102957179333673e-05,m2,no matching provider with matching unit,False
rubber_proxy,d7a673e2-dc84-31fa-b15c-a03a6863c8dd,"Tillage, intensive, corn production","Tillage, rotary cultivator",4.0205914358667346e-05,m2,no matching provider with matching unit,False
rubber_proxy,d67585e4-5ddf-3722-a4cc-0b7576a05b07,"Tillage, reduce, corn production","Fertilising, by broadcaster",1.3742699540674432e-05,m2,no matching provider with matching unit,False
rubber_proxy,d67585e4-5ddf-3722-a4cc-0b7576a05b07,"Tillage, reduce, corn production","Tillage, rolling",1.3742699540674432e-05,m2,no matching provider with matching unit,False
rubber_proxy,d67585e4-5ddf-3722-a4cc-0b7576a05b07,"Tillage, reduce, corn production","Tillage, rotary cultivator",1.3742699540674432e-05,m2,no matching provider with matching unit,False
rubber_proxy,d67585e4-5ddf-3722-a4cc-0b7576a05b07,"Tillage, reduce, corn production","Tillage, cultivating, chiselling",1.3742699540674432e-05,m2,no matching provider with matching unit,False
rubber_proxy,2813d2f3-6813-34d8-b47b-b464f390bcaf,"Pesticide, corn, 2022","Organophosphorus-compounds, at regional storehouse",4.361319523652051e-11,kg,no matching provider with matching unit,False
rubber_proxy,2813d2f3-6813-34d8-b47b-b464f390bcaf,"Pesticide, corn, 2022","Application of plant protection products, by field sprayer",0.00011357602926177216,m2,no matching provider with matching unit,False
rubber_proxy,2813d2f3-6813-34d8-b47b-b464f390bcaf,"Pesticide, corn, 2022","[sulfonyl]urea-compounds, at regional storehouse",1.362912351141266e-10,kg,no matching provider with matching unit,False
rubber_proxy,2813d2f3-6813-34d8-b47b-b464f390bcaf,"Pesticide, corn, 2022","Metolachlor, at regional storehouse",1.9705441076917467e-09,kg,no matching provider with matching unit,False
rubber_proxy,2813d2f3-6813-34d8-b47b-b464f390bcaf,"Pesticide, corn, 2022","Glyphosate, at regional storehouse",1.8853620857454182e-09,kg,no matching provider with matching unit,False
rubber_proxy,2813d2f3-6813-34d8-b47b-b464f390bcaf,"Pesticide, corn, 2022","Pyretroid-compounds, at regional storehouse",3.18012881932962e-12,kg,no matching provider with matching unit,False
rubber_proxy,2813d2f3-6813-34d8-b47b-b464f390bcaf,"Pesticide, corn, 2022","2,4-D, at regional storehouse",9.199658370203545e-11,kg,no matching provider with matching unit,False
rubber_proxy,2813d2f3-6813-34d8-b47b-b464f390bcaf,"Pesticide, corn, 2022","Atrazine, at regional storehouse",5.434613000175798e-09,kg,no matching provider with matching unit,False
rubber_proxy,2813d2f3-6813-34d8-b47b-b464f390bcaf,"Pesticide, corn, 2022","Alachlor, at regional storehouse",2.430527026201924e-09,kg,no matching provider with matching unit,False
rubber_proxy,3221bb51-ac5f-36b7-a5c4-d81a5c65ccf0,"Winter wheat straw, carted",Baling,6.948753274250943e-05,m2,no matching provider with matching unit,False
rubber_proxy,3221bb51-ac5f-36b7-a5c4-d81a5c65ccf0,"Winter wheat straw, carted","Transport, tractor and trailer",7.890492204840214e-09,t*km,no matching provider with matching unit,False
rubber_proxy,99898750-1f41-3c25-8ee0-aaae4b6697d0,"Spring wheat straw, carted, 2022","Spring wheat straw, production, average, US, 2022",7.253523154700546e-06,kg,no matching provider with matching unit,False
rubber_proxy,99898750-1f41-3c25-8ee0-aaae4b6697d0,"Spring wheat straw, carted, 2022",Baling,8.066242835899488e-05,m2,no matching provider with matching unit,False
rubber_proxy,99898750-1f41-3c25-8ee0-aaae4b6697d0,"Spring wheat straw, carted, 2022","Transport, tractor and trailer",7.890492204840216e-09,t*km,no matching provider with matching unit,False
rubber_proxy,4d09380a-6297-392c-b1bb-74534b4d3d8e,"Corn stover, production, average, US, 2022",Hay grown for feed,2.52168199343907e-06,kg,no matching provider with matching unit,False
rubber_proxy,70d2004a-9f80-48ce-a86c-50e85dd6a637,"Petroleum refined, for material use, at plant","Petroleum refining coproduct, at refinery",0.3607669656154902,kg,no matching provider with matching unit,False
rubber_proxy,3ca7a144-e2f3-4963-8c63-768cf0853cee,"Petroleum refined, for energy use, at plant","Petroleum refining coproduct, at refinery",0.08340948000000001,kg,no matching provider with matching unit,False
rubber_proxy,f04300c5-ea44-3525-b6ab-c4b8b27b127e,"Switchgrass, harvested, wet","Mowing, by rotary mower",1.6866136083080715e-05,m2,no matching provider with matching unit,False
rubber_proxy,f04300c5-ea44-3525-b6ab-c4b8b27b127e,"Switchgrass, harvested, wet",Baling,1.6866136083080715e-05,m2,no matching provider with matching unit,False
rubber_proxy,55d8bf4f-025a-3927-bb96-235d37ba79fc,"Lime, agricultural, corn production","Fertilising, by broadcaster",5.678801463088608e-05,m2,no matching provider with matching unit,False
rubber_proxy,9c36427d-76de-314c-bfca-4d714b71c9a5,"Switchgrass, production, US, 2022","Tillage, rolling",1.2214402887431356e-06,m2,no matching provider with matching unit,False
rubber_proxy,9c36427d-76de-314c-bfca-4d714b71c9a5,"Switchgrass, production, US, 2022","Transformation, from arable",4.067396161514641e-06,m2,no matching provider with matching unit,False
rubber_proxy,9c36427d-76de-314c-bfca-4d714b71c9a5,"Switchgrass, production, US, 2022","Transformation, from permanent crop",4.067396161514641e-06,m2,no matching provider with matching unit,False
rubber_proxy,9c36427d-76de-314c-bfca-4d714b71c9a5,"Switchgrass, production, US, 2022","Transformation, from pasture and meadow",4.067396161514641e-06,m2,no matching provider with matching unit,False
rubber_proxy,9c36427d-76de-314c-bfca-4d714b71c9a5,"Switchgrass, production, US, 2022","Tillage, rotary cultivator",1.2214402887431356e-06,m2,no matching provider with matching unit,False
rubber_proxy,d397dd56-dc53-37a1-956b-5da3aaa81a6f,"Transport, single unit truck, gasoline powered","Gasoline, dispensed at pump",2.5954888446008924e-05,btu,no matching provider with matching unit,False
rubber_proxy,14b0912f-fb6d-321d-8f42-0ea35918689f,"Fertilizer, winter wheat straw, 2022","Potassium chloride, as K2O, at regional storehouse",8.508940623783332e-08,kg,no matching provider with matching unit,False
rubber_proxy,786522bf-e3a2-3db6-8794-a8d26a370faa,"Harvest, wheat, single pass",Combine harvesting,3.124594589717158e-05,m2,no matching provider with matching unit,False
rubber_proxy,a941c19b-ed3f-34a9-a91b-ee31e2d6ac18,"Planting, switchgrass, 2022",Planting,1.2214402887431355e-05,m2,no matching provider with matching unit,False
rubber_proxy,a941c19b-ed3f-34a9-a91b-ee31e2d6ac18,"Planting, switchgrass, 2022","Grass seed IP, at regional storehouse",6.840065616961559e-09,kg,no matching provider with matching unit,False
rubber_proxy,a40d4e00-67c2-3f4c-8c2b-1c67a28e6c5c,"Pesticide, switchgrass","2,4-D, at regional storehouse",6.107201443715678e-10,kg,no matching provider with matching unit,False
rubber_proxy,a40d4e00-67c2-3f4c-8c2b-1c67a28e6c5c,"Pesticide, switchgrass","Application of plant protection products, by field sprayer",1.2214402887431355e-05,m2,no matching provider with matching unit,False
rubber_proxy,fef4bce7-747e-30a8-adea-c11de716b08b,"Fertilizer, switchgrass, 2022","Fertilising, by broadcaster",2.442880577486271e-05,m2,no matching provider with matching unit,False
rubber_proxy,fef4bce7-747e-30a8-adea-c11de716b08b,"Fertilizer, switchgrass, 2022","Potassium chloride, as K2O, at regional storehouse",1.4901571522666254e-07,kg,no matching provider with matching unit,False
rubber_proxy,39abf743-0b9e-33e3-8752-b418609504f1,"Natural gas, combusted in industrial boiler, at hydrocracker, for butadiene","Natural gas, production mixture, to energy use",0.07586681326076919,m3,no matching provider with matching unit,False
rubber_proxy,f3929bea-4d5f-4691-9aef-aa95392ba015,Hydrogen Fluoride Bridge; USLCI to USEEIO,Other basic inorganic chemicals,7.441689645390328e-08,USD,no matching provider with matching unit,False
rubber_proxy,a1c4409b-9e9e-4f3b-bec0-f319fef1e3c5,Zeolite Bridge; USLCI to USEEIO,"Sand, gravel, clay, phosphate, other nonmetallic minerals",4.395744075758968e-09,USD,no matching provider with matching unit,False
rubber_proxy,442ab5b5-32f4-4de0-9aa7-fa989b0579af,"Chemicals organic, at plant Bridge; USLCI to USEEIO",Other basic organic chemicals,1.629588510244019e-08,USD,no matching provider with matching unit,False
cardboard,238589f8-deaf-3218-84e9-703a9bd7f3e1,"Fertilizer, stover, 2022","Potassium chloride, as K2O, at regional storehouse",4.1213680928170627e-07,kg,no matching provider with matching unit,False
cardboard,34156f3c-28ef-33db-9ad0-6293a2aa0d52,"Transport, combination truck, diesel powered","Diesel, dispensed at pump",860.7917129566632,btu,no matching provider with matching unit,False
cardboard,dacaeae9-aeed-3366-912d-6a31de09eef9,"Nitrogen fertilizer, production mix, at plant","Natural gas, production mixture, to material use",7.888311242570389e-07,m3,no matching provider with matching unit,False
cardboard,26465530-69ff-3c68-834f-c67ccb6ee1b2,"Bituminous coal, combusted in industrial boiler","Transport, pipeline, coal slurry",0.00011653034607109104,t*km,no matching provider with matching unit,False
cardboard,f347daea-82be-4e62-8872-a0dc0ca24ca3,"Natural gas, combusted in industrial boiler","Natural gas, production mixture, to energy use",0.0013350129319497394,m3,no matching provider with matching unit,False
cardboard,0aaf1e13-5d80-37f9-b7bb-81a6b8965c71,"Petroleum refining, at refinery","Liquefied petroleum gas, at refinery",7.513397272163766e-07,m3,no matching provider with matching unit,False
cardboard,0aaf1e13-5d80-37f9-b7bb-81a6b8965c71,"Petroleum refining, at refinery","Methyl tert-butyl, at plant",3.093751817949786e-06,kg,no matching provider with matching unit,False
cardboard,0aaf1e13-5d80-37f9-b7bb-81a6b8965c71,"Petroleum refining, at refinery","Residual fuel oil, at refinery",8.618308635717261e-10,m3,no matching provider with matching unit,False
cardboard,b355f122-dc4e-4224-aafa-d43c3b57db7b,"Natural gas, combusted in industrial equipment","Natural gas, production mixture, to energy use",4.335138088983287e-05,m3,no matching provider with matching unit,False
cardboard,1b6afe73-a064-33a3-87b0-265ae10851e9,"Sulfuric acid, at plant","Natural gas, combusted in industrial boiler",0.023181681108914283,MJ,no matching provider with matching unit,True
cardboard,64c379de-b24a-36d0-9170-d61d9d9d7278,"Ethanol, 85%, at blending terminal, 2022","Gasoline, at refinery",1.8270814307720598e-05,l,no matching provider with matching unit,False
cardboard,64c379de-b24a-36d0-9170-d61d9d9d7278,"Ethanol, 85%, at blending terminal, 2022","Energy, output, from gasoline",0.000580449716083739,MJ,no matching provider with matching unit,False
cardboard,eaff3c91-b8ce-38a1-a3ba-1fe0c9d4041c,"Transport, barge, residual fuel oil powered","Residual fuel oil, at refinery",6.205459452235301e-06,l,no matching provider with matching unit,False
cardboard,f85fcdde-6c6b-3bbb-8efc-de6cb34c9ac7,"Transport, ocean freighter, residual fuel oil powered","Residual fuel oil, at refinery",8.398946945803723e-05,l,no matching provider with matching unit,False
cardboard,d3e13675-1455-375f-a557-bb8234de75ff,"Gasoline, combusted in equipment","Gasoline, at refinery",6.968290222572493e-05,l,no matching provider with matching unit,False
cardboard,9d9b6815-9349-30af-869b-57362428c42e,"Residual fuel oil, combusted in industrial boiler","Residual fuel oil, at refinery",0.0004473103632578816,l,no matching provider with matching unit,False
cardboard,8dcef86f-cf2c-4207-91aa-1398401fe8b7,"Natural gas, at processing, conventional, kg","Transport, pipeline, natural gas",7.152808989607373e-08,t*mi,no matching provider with matching unit,False
cardboard,7bfdfa88-b857-4a4a-bbb9-3f51ddc15d30,"Natural gas, at processing, shale, kg","Transport, pipeline, natural gas",6.872306676289436e-08,t*mi,no matching provider with matching unit,False
cardboard,dfa7acbc-4a41-3329-951d-b6cde899c91e,"Sulfur, at plant","Natural gas, combusted in industrial boiler",0.023216071152495275,MJ,no matching provider with matching unit,True
cardboard,0879167f-989b-3e3b-b9c5-3c07ea0a3f8e,"Ethanol, denatured, corn stover, biochemical","Energy, output",1.9850769647463635e-05,MJ,no matching provider with matching unit,False
cardboard,0879167f-989b-3e3b-b9c5-3c07ea0a3f8e,"Ethanol, denatured, corn stover, biochemical","Chemicals inorganic, at plant",5.345303618222918e-10,kg,no matching provider with matching unit,False
cardboard,0879167f-989b-3e3b-b9c5-3c07ea0a3f8e,"Ethanol, denatured, corn stover, biochemical","Gasoline, at refinery",1.3053794099239126e-07,l,no matching provider with matching unit,False
cardboard,0879167f-989b-3e3b-b9c5-3c07ea0a3f8e,"Ethanol, denatured, corn stover, biochemical","Sulphite, at plant",9.368347920359115e-11,kg,no matching provider with matching unit,False
cardboard,0879167f-989b-3e3b-b9c5-3c07ea0a3f8e,"Ethanol, denatured, corn stover, biochemical",Sodium hydroxide; at plant,9.368347920359115e-11,kg,no matching provider with matching unit,False
cardboard,0898854c-e38f-3d23-880f-f8da7d65ca0c,"Ethanol, denatured, switchgrass, biochemical",Sodium hydroxide; at plant,9.368347920359442e-11,kg,no matching provider with matching unit,False
cardboard,0898854c-e38f-3d23-880f-f8da7d65ca0c,"Ethanol, denatured, switchgrass, biochemical","Chemicals inorganic, at plant",5.345303618223104e-10,kg,no matching provider with matching unit,False
cardboard,0898854c-e38f-3d23-880f-f8da7d65ca0c,"Ethanol, denatured, switchgrass, biochemical","Energy, output",1.985076964746433e-05,MJ,no matching provider with matching unit,False
cardboard,0898854c-e38f-3d23-880f-f8da7d65ca0c,"Ethanol, denatured, switchgrass, biochemical","Gasoline, at refinery",1.305379409923958e-07,l,no matching provider with matching unit,False
cardboard,0898854c-e38f-3d23-880f-f8da7d65ca0c,"Ethanol, denatured, switchgrass, biochemical","Sulphite, at plant",9.368347920359442e-11,kg,no matching provider with matching unit,False
cardboard,d9cadd89-4203-375a-903a-63197cd29c6a,"Ethanol, denatured, forest residues, thermochem","Energy, output",4.148522016526363e-06,MJ,no matching provider with matching unit,False
cardboard,d9cadd89-4203-375a-903a-63197cd29c6a,"Ethanol, denatured, forest residues, thermochem","Magnesium oxide, at plant",1.095885056421131e-09,kg,no matching provider with matching unit,False
cardboard,d9cadd89-4203-375a-903a-63197cd29c6a,"Ethanol, denatured, forest residues, thermochem","Chemicals inorganic, at plant",1.5722995500302414e-10,kg,no matching provider with matching unit,False
cardboard,d9cadd89-4203-375a-903a-63197cd29c6a,"Ethanol, denatured, forest residues, thermochem","Gasoline, at refinery",2.883999262825813e-07,l,no matching provider with matching unit,False
cardboard,d9cadd89-4203-375a-903a-63197cd29c6a,"Ethanol, denatured, forest residues, thermochem",Sodium hydroxide; at plant,1.3836263771028266e-10,kg,no matching provider with matching unit,False
cardboard,d9cadd89-4203-375a-903a-63197cd29c6a,"Ethanol, denatured, forest residues, thermochem","Sulphite, at plant",1.3836263771028266e-10,kg,no matching provider with matching unit,False
cardboard,d9cadd89-4203-375a-903a-63197cd29c6a,"Ethanol, denatured, forest residues, thermochem","Monoethanolamine, MEA, at plant",9.434005280897516e-09,kg,no matching provider with matching unit,False
cardboard,8e3e47ea-ed49-329e-8931-29115917bc81,"Ethanol, denatured, corn dry mill","Yeast paste, from whey, at fermentation",1.109378942880555e-07,kg,no matching provider with matching unit,False
cardboard,8e3e47ea-ed49-329e-8931-29115917bc81,"Ethanol, denatured, corn dry mill",Sodium hydroxide; at plant,4.271108930090137e-07,kg,no matching provider with matching unit,False
cardboard,8e3e47ea-ed49-329e-8931-29115917bc81,"Ethanol, denatured, corn dry mill","Heat, at cogen with ignition biogas engine, allocation exergy",2.3032555819105123e-05,MJ,no matching provider with matching unit,False
cardboard,8e3e47ea-ed49-329e-8931-29115917bc81,"Ethanol, denatured, corn dry mill","Energy, output",0.0005528405065354765,MJ,no matching provider with matching unit,False
cardboard,8e3e47ea-ed49-329e-8931-29115917bc81,"Ethanol, denatured, corn dry mill","Gasoline, at refinery",4.91824664677046e-07,l,no matching provider with matching unit,False
cardboard,7aa8e2ff-0e2f-3e6c-b168-ec5168b4be6a,"Ethanol, denatured, wheat straw, biochemical","Energy, output",1.985076964746367e-05,MJ,no matching provider with matching unit,False
cardboard,7aa8e2ff-0e2f-3e6c-b168-ec5168b4be6a,"Ethanol, denatured, wheat straw, biochemical","Gasoline, at refinery",1.3053794099239147e-07,l,no matching provider with matching unit,False
cardboard,7aa8e2ff-0e2f-3e6c-b168-ec5168b4be6a,"Ethanol, denatured, wheat straw, biochemical","Sulphite, at plant",9.368347920359131e-11,kg,no matching provider with matching unit,False
cardboard,7aa8e2ff-0e2f-3e6c-b168-ec5168b4be6a,"Ethanol, denatured, wheat straw, biochemical",Sodium hydroxide; at plant,9.368347920359131e-11,kg,no matching provider with matching unit,False
cardboard,7aa8e2ff-0e2f-3e6c-b168-ec5168b4be6a,"Ethanol, denatured, wheat straw, biochemical","Chemicals inorganic, at plant",5.345303618222927e-10,kg,no matching provider with matching unit,False
cardboard,3dd59224-ecba-3fb1-a2c9-9c01947b08b1,"Enzyme, Cellulase, Novozyme Celluclast","Transformation, to industrial area",3.472391154208893e-07,m2,no matching provider with matching unit,False
cardboard,3dd59224-ecba-3fb1-a2c9-9c01947b08b1,"Enzyme, Cellulase, Novozyme Celluclast","Transformation, from pasture and meadow",3.472391154208893e-07,m2,no matching provider with matching unit,False
cardboard,309485bd-a13b-4539-a23c-036c0b23b4f5,Silica sand Bridge; USLCI to USEEIO,"Sand, gravel, clay, phosphate, other nonmetallic minerals",2.3346625705485315e-09,USD,no matching provider with matching unit,False
cardboard,88aee762-4aa0-301f-b579-cca5d636aa0d,"Soybean oil, crude, degummed, at plant","Heat, from landfill gas",6.429224402926518e-08,MJ,no matching provider with matching unit,False
cardboard,88aee762-4aa0-301f-b579-cca5d636aa0d,"Soybean oil, crude, degummed, at plant","Heat, from biomass ",1.2858448805853035e-07,MJ,no matching provider with matching unit,False
cardboard,88aee762-4aa0-301f-b579-cca5d636aa0d,"Soybean oil, crude, degummed, at plant","Hexane, at plant",6.028046317564478e-09,kg,no matching provider with matching unit,False
cardboard,5a782377-d196-304c-baec-fea559a4dfe2,"Enzyme, Glucoamylase, Novozyme Spirizyme","Transformation, to industrial area",8.690135052564348e-08,m2,no matching provider with matching unit,False
cardboard,5a782377-d196-304c-baec-fea559a4dfe2,"Enzyme, Glucoamylase, Novozyme Spirizyme","Transformation, from pasture and meadow",8.690135052564348e-08,m2,no matching provider with matching unit,False
cardboard,8504caf4-bea5-3ab2-b8f9-d4861e819f92,"Corn grain, harvested and stored","Fodder loading, by self-loading trailer",3.609604819204114e-07,m3,no matching provider with matching unit,False
cardboard,8504caf4-bea5-3ab2-b8f9-d4861e819f92,"Corn grain, harvested and stored","Transport, tractor and trailer",2.0905293299059739e-07,t*km,no matching provider with matching unit,False
cardboard,391ccf45-4b61-37e9-a2f2-3e19afc0d4ef,"Enzyme, Alpha-amylase, Novozyme Liquozyme","Transformation, to industrial area",1.775006308608888e-08,m2,no matching provider with matching unit,False
cardboard,391ccf45-4b61-37e9-a2f2-3e19afc0d4ef,"Enzyme, Alpha-amylase, Novozyme Liquozyme","Transformation, from pasture and meadow",1.775006308608888e-08,m2,no matching provider with matching unit,False
cardboard,4eec7a31-b920-3f91-b7c3-924f2aa92ecc,"Liquefied petroleum gas, combusted in industrial boiler","Liquefied petroleum gas, at refinery",3.136632426508056e-07,l,no matching provider with matching unit,False
cardboard,4be84642-28cb-3508-9189-d8afcec42d92,"Corn stover, ground and stored","Fodder loading, by self-loading trailer",7.651093173426925e-08,m3,no matching provider with matching unit,False
cardboard,4be84642-28cb-3508-9189-d8afcec42d92,"Corn stover, ground and stored","Agricultural machinery, general, production",2.4813462059328428e-08,kg,no matching provider with matching unit,False
cardboard,4be84642-28cb-3508-9189-d8afcec42d92,"Corn stover, ground and stored",Loading bales,3.942583416093294e-08,Item(s),no matching provider with matching unit,False
cardboard,25b4ad17-ccd9-36ff-8ed5-4ad7b4814ae3,"Switchgrass, ground and stored, 2022","Agricultural machinery, general, production",2.4813462059331525e-08,kg,no matching provider with matching unit,False
cardboard,25b4ad17-ccd9-36ff-8ed5-4ad7b4814ae3,"Switchgrass, ground and stored, 2022",Loading bales,3.9425834160937867e-08,Item(s),no matching provider with matching unit,False
cardboard,25b4ad17-ccd9-36ff-8ed5-4ad7b4814ae3,"Switchgrass, ground and stored, 2022","Fodder loading, by self-loading trailer",6.245548400333745e-08,m3,no matching provider with matching unit,False
cardboard,96087256-d181-30c8-ae17-f25e1f0eab0c,"Forest residue, dried, stored","Dried roughage store, non ventilated",5.126493497062623e-12,m3,no matching provider with matching unit,False
cardboard,96087256-d181-30c8-ae17-f25e1f0eab0c,"Forest residue, dried, stored","Conveyor belt, at plant",1.8611264070215016e-09,m,no matching provider with matching unit,False
cardboard,96087256-d181-30c8-ae17-f25e1f0eab0c,"Forest residue, dried, stored","Fodder loading, by self-loading trailer",0.0001213344936203358,m3,no matching provider with matching unit,False
cardboard,956b53b9-dd05-35ae-a072-69f1f6906290,"Soybean grains, at field","Agrochemicals, at plant",5.5448250911348505e-09,kg,no matching provider with matching unit,False
cardboard,956b53b9-dd05-35ae-a072-69f1f6906290,"Soybean grains, at field","Potash Fertilizer (K2O), at plant",9.916706412991174e-08,kg,no matching provider with matching unit,False
cardboard,1cbbcd09-ea17-3d9b-bc34-2cf42efe26ba,"Corn, production, average, US, 2022","Transformation, to arable",0.00010765530751012472,m2,no matching provider with matching unit,False
cardboard,1cbbcd09-ea17-3d9b-bc34-2cf42efe26ba,"Corn, production, average, US, 2022",Planting,0.00010765530751012472,m2,no matching provider with matching unit,False
cardboard,1cbbcd09-ea17-3d9b-bc34-2cf42efe26ba,"Corn, production, average, US, 2022","Transformation, from arable",0.00010765530751012472,m2,no matching provider with matching unit,False
cardboard,1cbbcd09-ea17-3d9b-bc34-2cf42efe26ba,"Corn, production, average, US, 2022",Irrigating,4.133963808388789e-06,m3,no matching provider with matching unit,False
cardboard,1cbbcd09-ea17-3d9b-bc34-2cf42efe26ba,"Corn, production, average, US, 2022",Seed corn,2.4545410112308433e-07,kg,no matching provider with matching unit,False
cardboard,45b70b50-20a0-341b-8e2f-c196974d1541,"Transport, single unit truck, diesel powered","Diesel, dispensed at pump",0.003392200758756086,btu,no matching provider with matching unit,False
cardboard,4e38a874-76e2-3c20-bc6a-eea62883ebaa,"Winter wheat straw, ground and stored","Agricultural machinery, general, production",1.2406731029664795e-08,kg,no matching provider with matching unit,False
cardboard,4e38a874-76e2-3c20-bc6a-eea62883ebaa,"Winter wheat straw, ground and stored",Loading bales,1.9712917080467395e-08,Item(s),no matching provider with matching unit,False
cardboard,4e38a874-76e2-3c20-bc6a-eea62883ebaa,"Winter wheat straw, ground and stored","Fodder loading, by self-loading trailer",3.8255465867136414e-08,m3,no matching provider with matching unit,False
cardboard,3cfa52ac-c3d6-3ce2-b8f4-211bf63d7088,"Spring wheat straw, ground and stored, 2022","Agricultural machinery, general, production",1.2406731029664795e-08,kg,no matching provider with matching unit,False
cardboard,3cfa52ac-c3d6-3ce2-b8f4-211bf63d7088,"Spring wheat straw, ground and stored, 2022","Fodder loading, by self-loading trailer",3.8254794525135143e-08,m3,no matching provider with matching unit,False
cardboard,3cfa52ac-c3d6-3ce2-b8f4-211bf63d7088,"Spring wheat straw, ground and stored, 2022",Loading bales,1.9712917080467395e-08,Item(s),no matching provider with matching unit,False
cardboard,c0138d7e-3eac-3b37-b27a-58c9d5a2d1cf,"Corn stover, carted",Baling,8.358218798931685e-05,m2,no matching provider with matching unit,False
cardboard,c0138d7e-3eac-3b37-b27a-58c9d5a2d1cf,"Corn stover, carted","Transport, tractor and trailer",2.8803866611528275e-08,t*km,no matching provider with matching unit,False
cardboard,ccc739c2-aec2-30d0-a1f1-a7ae81af1e8a,Grinding,"Agricultural machinery, general, production",3.202839644887664e-08,kg,no matching provider with matching unit,False
cardboard,c245a252-0860-41d2-9789-802bab7984ab,"Containerboard, average production, at mill","Roundwood, hardwood, average, at forest road",3.8160575723536235e-05,m3,no matching provider with matching unit,False
cardboard,c245a252-0860-41d2-9789-802bab7984ab,"Containerboard, average production, at mill",Recycled non-deinked pulp,0.004145562660049033,kg,no matching provider with matching unit,False
cardboard,c245a252-0860-41d2-9789-802bab7984ab,"Containerboard, average production, at mill","Diesel, at refinery",8.143533004427133e-10,m3,no matching provider with matching unit,False
cardboard,c245a252-0860-41d2-9789-802bab7984ab,"Containerboard, average production, at mill",Softwood logs with bark; harvested at average intensity site; at mill,0.001280403607568169,m3,no matching provider with matching unit,False
cardboard,c245a252-0860-41d2-9789-802bab7984ab,"Containerboard, average production, at mill","Natural gas, production mixture, to energy use",0.1082139319003129,m3,no matching provider with matching unit,False
cardboard,c245a252-0860-41d2-9789-802bab7984ab,"Containerboard, average production, at mill","Gasoline, at refinery",1.1462745355068791e-08,m3,no matching provider with matching unit,False
cardboard,c245a252-0860-41d2-9789-802bab7984ab,"Containerboard, average production, at mill",Chips; softwood; green; at sawmill,0.2221118863689996,kg,no matching provider with matching unit,False
cardboard,c245a252-0860-41d2-9789-802bab7984ab,"Containerboard, average production, at mill",Unspecified polymer,0.0007041135864618525,kg,no matching provider with matching unit,False
cardboard,c245a252-0860-41d2-9789-802bab7984ab,"Containerboard, average production, at mill","Pitch despergents, in paper production",5.990530398605516e-05,kg,no matching provider with matching unit,False
cardboard,c245a252-0860-41d2-9789-802bab7984ab,"Containerboard, average production, at mill",Sodium hydroxide; at plant,0.007660607542618084,kg,no matching provider with matching unit,False
cardboard,c245a252-0860-41d2-9789-802bab7984ab,"Containerboard, average production, at mill","Liquefied petroleum gas, at refinery",1.0964365122239715e-07,m3,no matching provider with matching unit,False
cardboard,c245a252-0860-41d2-9789-802bab7984ab,"Containerboard, average production, at mill",Wood chips; hardwood; green; at sawmill,0.04742262647478306,kg,no matching provider with matching unit,False
cardboard,c245a252-0860-41d2-9789-802bab7984ab,"Containerboard, average production, at mill","Roundwood, hardwood, average, at forest road",0.00018439271206303356,m3,no matching provider with matching unit,False
cardboard,c245a252-0860-41d2-9789-802bab7984ab,"Containerboard, average production, at mill","Recovered paper, pulp substitutes",0.006459119454637003,kg,no matching provider with matching unit,False
cardboard,c245a252-0860-41d2-9789-802bab7984ab,"Containerboard, average production, at mill",Old corrugated containers,0.5560138160508097,kg,no matching provider with matching unit,False
cardboard,c245a252-0860-41d2-9789-802bab7984ab,"Containerboard, average production, at mill","Maize starch, at plant",0.005402563328644015,kg,no matching provider with matching unit,False
cardboard,c245a252-0860-41d2-9789-802bab7984ab,"Containerboard, average production, at mill",Bark; softwood; green; at sawmill,0.11954862244159813,kg,no matching provider with matching unit,False
cardboard,c245a252-0860-41d2-9789-802bab7984ab,"Containerboard, average production, at mill","Sulphate pulp, unbleached, at plant",0.00012682481136894676,kg,no matching provider with matching unit,False
cardboard,c245a252-0860-41d2-9789-802bab7984ab,"Containerboard, average production, at mill",Chips; softwood; green; at sawmill,0.09773018872644611,kg,no matching provider with matching unit,False
cardboard,c245a252-0860-41d2-9789-802bab7984ab,"Containerboard, average production, at mill",Unspecified additive,0.005504859858474046,kg,no matching provider with matching unit,False
cardboard,c245a252-0860-41d2-9789-802bab7984ab,"Containerboard, average production, at mill",Wood chips; hardwood; green; at sawmill,0.05587528579918522,kg,no matching provider with matching unit,False
cardboard,c245a252-0860-41d2-9789-802bab7984ab,"Containerboard, average production, at mill","Recovered paper, mixed",0.011186518111023275,kg,no matching provider with matching unit,False
cardboard,c245a252-0860-41d2-9789-802bab7984ab,"Containerboard, average production, at mill","Residual fuel oil, at refinery",2.611512420024368e-06,m3,no matching provider with matching unit,False
cardboard,727c4049-41db-3645-a4f9-af66fa92dee0,"Switchgrass, carted, 2022","Transport, tractor and trailer",2.999805606746528e-08,t*km,no matching provider with matching unit,False
cardboard,515c5359-a186-3394-b849-8676652228db,"Forest residue, processed and loaded, at landing system","Transformation, to arable, non-irrigated, fallow",1.9366583660955174e-11,m2,no matching provider with matching unit,False
cardboard,515c5359-a186-3394-b849-8676652228db,"Forest residue, processed and loaded, at landing system","Transformation, from dump site, residual material landfill",1.494279362399032e-10,m2,no matching provider with matching unit,False
cardboard,515c5359-a186-3394-b849-8676652228db,"Forest residue, processed and loaded, at landing system","Transformation, from shrub land, sclerophyllous",1.0610100359786964e-09,m2,no matching provider with matching unit,False
cardboard,515c5359-a186-3394-b849-8676652228db,"Forest residue, processed and loaded, at landing system","Transformation, to mineral extraction site",2.496750468567709e-07,m2,no matching provider with matching unit,False
cardboard,515c5359-a186-3394-b849-8676652228db,"Forest residue, processed and loaded, at landing system","Transformation, to dump site, residual material landfill",1.4943061053459946e-10,m2,no matching provider with matching unit,False
cardboard,515c5359-a186-3394-b849-8676652228db,"Forest residue, processed and loaded, at landing system","Transformation, to pasture and meadow",1.9198182193947875e-11,m2,no matching provider with matching unit,False
cardboard,515c5359-a186-3394-b849-8676652228db,"Forest residue, processed and loaded, at landing system","Transformation, to dump site, benthos",5.727995096587605e-08,m2,no matching provider with matching unit,False
cardboard,515c5359-a186-3394-b849-8676652228db,"Forest residue, processed and loaded, at landing system","Transformation, to industrial area",8.204945175111809e-10,m2,no matching provider with matching unit,False
cardboard,515c5359-a186-3394-b849-8676652228db,"Forest residue, processed and loaded, at landing system","Transformation, to shrub land, sclerophyllous",9.122840330420041e-10,m2,no matching provider with matching unit,False
cardboard,515c5359-a186-3394-b849-8676652228db,"Forest residue, processed and loaded, at landing system","Transformation, to forest, intensive, short-cycle",1.3437601381478156e-10,m2,no matching provider with matching unit,False
cardboard,515c5359-a186-3394-b849-8676652228db,"Forest residue, processed and loaded, at landing system","Transformation, to dump site, inert material landfill",7.561747167762795e-10,m2,no matching provider with matching unit,False
cardboard,515c5359-a186-3394-b849-8676652228db,"Forest residue, processed and loaded, at landing system","Transformation, to arable",4.770209006495506e-10,m2,no matching provider with matching unit,False
cardboard,515c5359-a186-3394-b849-8676652228db,"Forest residue, processed and loaded, at landing system","Transformation, to heterogeneous, agricultural",9.638057014566507e-09,m2,no matching provider with matching unit,False
cardboard,515c5359-a186-3394-b849-8676652228db,"Forest residue, processed and loaded, at landing system","Transformation, to forest, intensive, clear-cutting",1.3437601381478156e-10,m2,no matching provider with matching unit,False
cardboard,515c5359-a186-3394-b849-8676652228db,"Forest residue, processed and loaded, at landing system","Transformation, to water courses, artificial",8.714123979824318e-10,m2,no matching provider with matching unit,False
cardboard,515c5359-a186-3394-b849-8676652228db,"Forest residue, processed and loaded, at landing system","Transformation, from industrial area, vegetation",1.136893022431391e-12,m2,no matching provider with matching unit,False
cardboard,515c5359-a186-3394-b849-8676652228db,"Forest residue, processed and loaded, at landing system","Transformation, to industrial area, vegetation",8.744713265661117e-10,m2,no matching provider with matching unit,False
cardboard,515c5359-a186-3394-b849-8676652228db,"Forest residue, processed and loaded, at landing system","Transformation, from unknown",7.563678812077442e-08,m2,no matching provider with matching unit,False
cardboard,515c5359-a186-3394-b849-8676652228db,"Forest residue, processed and loaded, at landing system","Transformation, from tropical rain forest",1.3437601381478156e-10,m2,no matching provider with matching unit,False
cardboard,515c5359-a186-3394-b849-8676652228db,"Forest residue, processed and loaded, at landing system","Transformation, to forest",4.931047994984495e-09,m2,no matching provider with matching unit,False
cardboard,515c5359-a186-3394-b849-8676652228db,"Forest residue, processed and loaded, at landing system","Transformation, from forest",2.0418445286328433e-07,m2,no matching provider with matching unit,False
cardboard,515c5359-a186-3394-b849-8676652228db,"Forest residue, processed and loaded, at landing system","Transformation, from pasture and meadow",1.715906701532699e-09,m2,no matching provider with matching unit,False
cardboard,515c5359-a186-3394-b849-8676652228db,"Forest residue, processed and loaded, at landing system","Transformation, from dump site, inert material landfill",7.561747167762795e-10,m2,no matching provider with matching unit,False
cardboard,515c5359-a186-3394-b849-8676652228db,"Forest residue, processed and loaded, at landing system","Transformation, from industrial area",1.1232158255892637e-10,m2,no matching provider with matching unit,False
cardboard,515c5359-a186-3394-b849-8676652228db,"Forest residue, processed and loaded, at landing system","Transformation, from arable, non-irrigated",3.866516804322387e-08,m2,no matching provider with matching unit,False
cardboard,515c5359-a186-3394-b849-8676652228db,"Forest residue, processed and loaded, at landing system","Transformation, to industrial area, built up",9.984800666072957e-10,m2,no matching provider with matching unit,False
cardboard,515c5359-a186-3394-b849-8676652228db,"Forest residue, processed and loaded, at landing system","Transformation, to arable, non-irrigated",3.8696504373823234e-08,m2,no matching provider with matching unit,False
cardboard,515c5359-a186-3394-b849-8676652228db,"Forest residue, processed and loaded, at landing system","Transformation, from mineral extraction site",4.554293295398224e-09,m2,no matching provider with matching unit,False
cardboard,515c5359-a186-3394-b849-8676652228db,"Forest residue, processed and loaded, at landing system","Transformation, to dump site, sanitary landfill",3.857079243450026e-12,m2,no matching provider with matching unit,False
cardboard,515c5359-a186-3394-b849-8676652228db,"Forest residue, processed and loaded, at landing system","Transformation, from arable",5.5440002943106213e-11,m2,no matching provider with matching unit,False
cardboard,515c5359-a186-3394-b849-8676652228db,"Forest residue, processed and loaded, at landing system","Transformation, from dump site, sanitary landfill",3.857079243450026e-12,m2,no matching provider with matching unit,False
cardboard,515c5359-a186-3394-b849-8676652228db,"Forest residue, processed and loaded, at landing system","Transformation, to traffic area, road network",4.278743198095388e-09,m2,no matching provider with matching unit,False
cardboard,515c5359-a186-3394-b849-8676652228db,"Forest residue, processed and loaded, at landing system","Transformation, from pasture and meadow, intensive",3.155041228418616e-11,m2,no matching provider with matching unit,False
cardboard,515c5359-a186-3394-b849-8676652228db,"Forest residue, processed and loaded, at landing system","Transformation, to permanent crop, fruit, intensive",7.659018673536602e-11,m2,no matching provider with matching unit,False
cardboard,515c5359-a186-3394-b849-8676652228db,"Forest residue, processed and loaded, at landing system","Transformation, to unknown",2.842619952148211e-10,m2,no matching provider with matching unit,False
cardboard,515c5359-a186-3394-b849-8676652228db,"Forest residue, processed and loaded, at landing system","Transformation, to forest, intensive",3.445457579273482e-10,m2,no matching provider with matching unit,False
cardboard,515c5359-a186-3394-b849-8676652228db,"Forest residue, processed and loaded, at landing system","Transformation, from sea and ocean",5.73068445773286e-08,m2,no matching provider with matching unit,False
cardboard,515c5359-a186-3394-b849-8676652228db,"Forest residue, processed and loaded, at landing system","Transformation, from forest, intensive, clear-cutting",1.3437601381478156e-10,m2,no matching provider with matching unit,False
cardboard,515c5359-a186-3394-b849-8676652228db,"Forest residue, processed and loaded, at landing system","Transformation, to dump site",7.997902033049649e-10,m2,no matching provider with matching unit,False
cardboard,515c5359-a186-3394-b849-8676652228db,"Forest residue, processed and loaded, at landing system","Transformation, to industrial area, benthos",2.6939258398618868e-11,m2,no matching provider with matching unit,False
cardboard,515c5359-a186-3394-b849-8676652228db,"Forest residue, processed and loaded, at landing system","Transformation, from arable, non-irrigated, fallow",1.2354884296335887e-11,m2,no matching provider with matching unit,False
cardboard,515c5359-a186-3394-b849-8676652228db,"Forest residue, processed and loaded, at landing system","Transformation, to dump site, slag compartment",2.820136792530885e-12,m2,no matching provider with matching unit,False
cardboard,515c5359-a186-3394-b849-8676652228db,"Forest residue, processed and loaded, at landing system","Transformation, to traffic area, road embankment",5.015946367853392e-10,m2,no matching provider with matching unit,False
cardboard,515c5359-a186-3394-b849-8676652228db,"Forest residue, processed and loaded, at landing system","Transformation, to traffic area, rail network",3.0252922968648303e-11,m2,no matching provider with matching unit,False
cardboard,515c5359-a186-3394-b849-8676652228db,"Forest residue, processed and loaded, at landing system","Transformation, from dump site, slag compartment",2.820136792530885e-12,m2,no matching provider with matching unit,False
cardboard,515c5359-a186-3394-b849-8676652228db,"Forest residue, processed and loaded, at landing system","Transformation, to traffic area, rail embankment",2.7522321813655758e-11,m2,no matching provider with matching unit,False
cardboard,515c5359-a186-3394-b849-8676652228db,"Forest residue, processed and loaded, at landing system","Transformation, from forest, extensive",6.076517028513328e-09,m2,no matching provider with matching unit,False
cardboard,515c5359-a186-3394-b849-8676652228db,"Forest residue, processed and loaded, at landing system","Transformation, to forest, intensive, normal",5.584922401974321e-09,m2,no matching provider with matching unit,False
cardboard,515c5359-a186-3394-b849-8676652228db,"Forest residue, processed and loaded, at landing system","Transformation, to water bodies, artificial",1.2239573856736473e-08,m2,no matching provider with matching unit,False
cardboard,630010e9-27e1-3ea8-9845-b87832b536f4,"Harvest, corn, single pass",Combine harvesting,0.00013803293283603298,m2,no matching provider with matching unit,False
cardboard,24ccf5c5-25f5-35da-bead-5edf4e14cdc1,"Fertilizer, corn, 2022","Potassium nitrate, as K2O, at regional storehouse",1.0119598905951723e-06,kg,no matching provider with matching unit,False
cardboard,24ccf5c5-25f5-35da-bead-5edf4e14cdc1,"Fertilizer, corn, 2022","Slurry spreading, by vacuum tanker",1.0873186058522595e-08,m3,no matching provider with matching unit,False
cardboard,24ccf5c5-25f5-35da-bead-5edf4e14cdc1,"Fertilizer, corn, 2022","Solid manure loading and spreading, by hydraulic loader and spreader",3.2511902868057664e-08,kg,no matching provider with matching unit,False
cardboard,d5b0f333-d1b3-3ba1-8111-b036b67589f8,"Tillage, conservation, corn production","Tillage, cultivating, chiselling",0.43492744234090397,m2,no matching provider with matching unit,False
cardboard,d5b0f333-d1b3-3ba1-8111-b036b67589f8,"Tillage, conservation, corn production","Fertilising, by broadcaster",0.8698548846818079,m2,no matching provider with matching unit,False
cardboard,d7a673e2-dc84-31fa-b15c-a03a6863c8dd,"Tillage, intensive, corn production","Tillage, ploughing",7.621995771716829e-05,m2,no matching provider with matching unit,False
cardboard,d7a673e2-dc84-31fa-b15c-a03a6863c8dd,"Tillage, intensive, corn production","Tillage, rolling",3.8109978858584145e-05,m2,no matching provider with matching unit,False
cardboard,d7a673e2-dc84-31fa-b15c-a03a6863c8dd,"Tillage, intensive, corn production","Fertilising, by broadcaster",3.8109978858584145e-05,m2,no matching provider with matching unit,False
cardboard,d7a673e2-dc84-31fa-b15c-a03a6863c8dd,"Tillage, intensive, corn production","Tillage, rotary cultivator",7.621995771716829e-05,m2,no matching provider with matching unit,False
cardboard,d67585e4-5ddf-3722-a4cc-0b7576a05b07,"Tillage, reduce, corn production","Fertilising, by broadcaster",2.605258441745018e-05,m2,no matching provider with matching unit,False
cardboard,d67585e4-5ddf-3722-a4cc-0b7576a05b07,"Tillage, reduce, corn production","Tillage, rolling",2.605258441745018e-05,m2,no matching provider with matching unit,False
cardboard,d67585e4-5ddf-3722-a4cc-0b7576a05b07,"Tillage, reduce, corn production","Tillage, rotary cultivator",2.605258441745018e-05,m2,no matching provider with matching unit,False
cardboard,d67585e4-5ddf-3722-a4cc-0b7576a05b07,"Tillage, reduce, corn production","Tillage, cultivating, chiselling",2.605258441745018e-05,m2,no matching provider with matching unit,False
cardboard,2813d2f3-6813-34d8-b47b-b464f390bcaf,"Pesticide, corn, 2022","Organophosphorus-compounds, at regional storehouse",8.267927616777578e-11,kg,no matching provider with matching unit,False
cardboard,2813d2f3-6813-34d8-b47b-b464f390bcaf,"Pesticide, corn, 2022","Application of plant protection products, by field sprayer",0.00021531061502024943,m2,no matching provider with matching unit,False
cardboard,2813d2f3-6813-34d8-b47b-b464f390bcaf,"Pesticide, corn, 2022","[sulfonyl]urea-compounds, at regional storehouse",2.5837273802429933e-10,kg,no matching provider with matching unit,False
cardboard,2813d2f3-6813-34d8-b47b-b464f390bcaf,"Pesticide, corn, 2022","Metolachlor, at regional storehouse",3.735639170601327e-09,kg,no matching provider with matching unit,False
cardboard,2813d2f3-6813-34d8-b47b-b464f390bcaf,"Pesticide, corn, 2022","Glyphosate, at regional storehouse",3.5741562093361407e-09,kg,no matching provider with matching unit,False
cardboard,2813d2f3-6813-34d8-b47b-b464f390bcaf,"Pesticide, corn, 2022","Pyretroid-compounds, at regional storehouse",6.028697220566983e-12,kg,no matching provider with matching unit,False
cardboard,2813d2f3-6813-34d8-b47b-b464f390bcaf,"Pesticide, corn, 2022","2,4-D, at regional storehouse",1.7440159816640203e-10,kg,no matching provider with matching unit,False
cardboard,2813d2f3-6813-34d8-b47b-b464f390bcaf,"Pesticide, corn, 2022","Atrazine, at regional storehouse",1.0302612928718934e-08,kg,no matching provider with matching unit,False
cardboard,2813d2f3-6813-34d8-b47b-b464f390bcaf,"Pesticide, corn, 2022","Alachlor, at regional storehouse",4.607647161433337e-09,kg,no matching provider with matching unit,False
cardboard,3221bb51-ac5f-36b7-a5c4-d81a5c65ccf0,"Winter wheat straw, carted",Baling,0.00013173029122673502,m2,no matching provider with matching unit,False
cardboard,3221bb51-ac5f-36b7-a5c4-d81a5c65ccf0,"Winter wheat straw, carted","Transport, tractor and trailer",1.495832122745688e-08,t*km,no matching provider with matching unit,False
cardboard,99898750-1f41-3c25-8ee0-aaae4b6697d0,"Spring wheat straw, carted, 2022","Spring wheat straw, production, average, US, 2022",1.3750793557878482e-05,kg,no matching provider with matching unit,False
cardboard,99898750-1f41-3c25-8ee0-aaae4b6697d0,"Spring wheat straw, carted, 2022",Baling,0.0001529149871842509,m2,no matching provider with matching unit,False
cardboard,99898750-1f41-3c25-8ee0-aaae4b6697d0,"Spring wheat straw, carted, 2022","Transport, tractor and trailer",1.4958321227456884e-08,t*km,no matching provider with matching unit,False
cardboard,4d09380a-6297-392c-b1bb-74534b4d3d8e,"Corn stover, production, average, US, 2022",Hay grown for feed,4.78045327365218e-06,kg,no matching provider with matching unit,False
cardboard,7ee5b4ca-1a5e-3d26-8e79-0805a115e444,"RFO, combusted in industrial boiler, at pulp and paper mill (EXCL.)","Residual fuel oil, at refinery",3.489545935985451e-05,l,no matching provider with matching unit,False
cardboard,4d7e8233-af87-31fc-b497-592383d4008a,"Natural gas, combusted in industrial boiler, at pulp and paper mill (EXCL.)","Natural gas, production mixture, to energy use",4.895921839760247e-05,m3,no matching provider with matching unit,False
cardboard,d549cd32-3e84-327e-86e8-452772ff7c56,"LPG, combusted in industrial boiler, at pulp and paper mill (EXCL.)","Liquefied petroleum gas, at refinery",2.7105309127107344e-07,l,no matching provider with matching unit,False
cardboard,32a3732b-30c8-3605-8306-ca12599f8e91,"Gasoline, combusted in equipment, at pulp and paper mill (EXCL.)","Gasoline, at refinery",1.0157649714245245e-07,l,no matching provider with matching unit,False
cardboard,a69b6a20-acd3-489b-b3e1-bb7ef0615618,"Aluminium sulphate, powder Bridge; USLCI to USEEIO",Other basic inorganic chemicals,0.003518812557388402,USD,no matching provider with matching unit,False
cardboard,6ce2af92-11dd-3e96-8f77-4d215ac13b96,"Melamine urea formaldehyde, MF, resin, neat, 60% solids",Sodium hydroxide; at plant,1.4715973957052718e-07,kg,no matching provider with matching unit,False
cardboard,6ce2af92-11dd-3e96-8f77-4d215ac13b96,"Melamine urea formaldehyde, MF, resin, neat, 60% solids","Formic acid, at plant",3.5839381550908294e-07,kg,no matching provider with matching unit,False
cardboard,6ce2af92-11dd-3e96-8f77-4d215ac13b96,"Melamine urea formaldehyde, MF, resin, neat, 60% solids","Ammonium sulfate, at plant",2.0700939441978465e-08,kg,no matching provider with matching unit,False
cardboard,6ce2af92-11dd-3e96-8f77-4d215ac13b96,"Melamine urea formaldehyde, MF, resin, neat, 60% solids","Urea, at regional storehouse",0.00027953309382535547,kg,no matching provider with matching unit,False
cardboard,cbf4023b-71f7-36b7-8c45-ea43bc2f108c,"Pulp, kraft market, bleached, average production, at mill",Sodium hydroxide; at plant,1.6856737546123024e-05,kg,no matching provider with matching unit,False
cardboard,cbf4023b-71f7-36b7-8c45-ea43bc2f108c,"Pulp, kraft market, bleached, average production, at mill",Chips; softwood; green; at sawmill,0.0011668011985999903,kg,no matching provider with matching unit,False
cardboard,cbf4023b-71f7-36b7-8c45-ea43bc2f108c,"Pulp, kraft market, bleached, average production, at mill","Sodium chlorate, at plant",4.452434986850122e-05,kg,no matching provider with matching unit,False
cardboard,cbf4023b-71f7-36b7-8c45-ea43bc2f108c,"Pulp, kraft market, bleached, average production, at mill","Talc, at plant",1.4974743178279795e-05,kg,no matching provider with matching unit,False
cardboard,cbf4023b-71f7-36b7-8c45-ea43bc2f108c,"Pulp, kraft market, bleached, average production, at mill",Sawdust; softwood; green; at sawmill,4.884887632631734e-05,kg,no matching provider with matching unit,False
cardboard,cbf4023b-71f7-36b7-8c45-ea43bc2f108c,"Pulp, kraft market, bleached, average production, at mill","Hydrogen peroxide, at plant",2.3903623586691737e-07,kg,no matching provider with matching unit,False
cardboard,f04300c5-ea44-3525-b6ab-c4b8b27b127e,"Switchgrass, harvested, wet","Mowing, by rotary mower",3.197380782430311e-05,m2,no matching provider with matching unit,False
cardboard,f04300c5-ea44-3525-b6ab-c4b8b27b127e,"Switchgrass, harvested, wet",Baling,3.197380782430311e-05,m2,no matching provider with matching unit,False
cardboard,55d8bf4f-025a-3927-bb96-235d37ba79fc,"Lime, agricultural, corn production","Fertilising, by broadcaster",0.00010765530751012472,m2,no matching provider with matching unit,False
cardboard,bada054f-b912-3251-96c1-19e64cde8930,"Pulpwood, hardwood, average, at forest road, NE-NC",Pulpwood; hardwood; average; High Intensity Management,8.946544381584864e-08,m3,no matching provider with matching unit,False
cardboard,bada054f-b912-3251-96c1-19e64cde8930,"Pulpwood, hardwood, average, at forest road, NE-NC",Pulpwood; hardwood; average; Low Intensity Management,3.366576264471955e-07,m3,no matching provider with matching unit,False
cardboard,bada054f-b912-3251-96c1-19e64cde8930,"Pulpwood, hardwood, average, at forest road, NE-NC",Pulpwood; hardwood; average; Med Intensity Management,1.4060263522430674e-07,m3,no matching provider with matching unit,False
cardboard,906cf3a2-6299-3d9c-8a4b-1fe4240b71da,"Pulpwood, softwood, average, at forest road, NE-NC",Pulpwood; softwood; average; med intensity management,8.603944977655616e-08,m3,no matching provider with matching unit,False
cardboard,906cf3a2-6299-3d9c-8a4b-1fe4240b71da,"Pulpwood, softwood, average, at forest road, NE-NC",Pulpwood; softwood; average; low intensity management,1.0801952665744662e-07,m3,no matching provider with matching unit,False
cardboard,906cf3a2-6299-3d9c-8a4b-1fe4240b71da,"Pulpwood, softwood, average, at forest road, NE-NC","Pulpwood; softwood, average; high intensity management",4.419162388536275e-08,m3,no matching provider with matching unit,False
cardboard,9c36427d-76de-314c-bfca-4d714b71c9a5,"Switchgrass, production, US, 2022","Tillage, rolling",2.315533141008597e-06,m2,no matching provider with matching unit,False
cardboard,9c36427d-76de-314c-bfca-4d714b71c9a5,"Switchgrass, production, US, 2022","Transformation, from arable",7.710725359558627e-06,m2,no matching provider with matching unit,False
cardboard,9c36427d-76de-314c-bfca-4d714b71c9a5,"Switchgrass, production, US, 2022","Transformation, from permanent crop",7.710725359558627e-06,m2,no matching provider with matching unit,False
cardboard,9c36427d-76de-314c-bfca-4d714b71c9a5,"Switchgrass, production, US, 2022","Transformation, from pasture and meadow",7.710725359558627e-06,m2,no matching provider with matching unit,False
cardboard,9c36427d-76de-314c-bfca-4d714b71c9a5,"Switchgrass, production, US, 2022","Tillage, rotary cultivator",2.315533141008597e-06,m2,no matching provider with matching unit,False
cardboard,d397dd56-dc53-37a1-956b-5da3aaa81a6f,"Transport, single unit truck, gasoline powered","Gasoline, dispensed at pump",4.9203718693246296e-05,btu,no matching provider with matching unit,False
cardboard,14b0912f-fb6d-321d-8f42-0ea35918689f,"Fertilizer, winter wheat straw, 2022","Potassium chloride, as K2O, at regional storehouse",1.6130738596742063e-07,kg,no matching provider with matching unit,False
cardboard,786522bf-e3a2-3db6-8794-a8d26a370faa,"Harvest, wheat, single pass",Combine harvesting,5.923418763393806e-05,m2,no matching provider with matching unit,False
cardboard,a515132e-c816-34ea-9773-d56c11dc1cb0,"TDF, combusted in industrial boiler, at pulp and paper mill (EXCL.)",Tire derived fuel,2.0078726027655757e-06,kg,no matching provider with matching unit,False
cardboard,10a86db5-7f96-35cb-83c3-4912877b7eb7,"Pulpwood, softwood, average, state or private dry forest, at forest road, INW",Pulpwood; softwd; state or private dry forest; gentle slope; at forest rd,1.1735519670196818e-07,m3,no matching provider with matching unit,False
cardboard,10a86db5-7f96-35cb-83c3-4912877b7eb7,"Pulpwood, softwood, average, state or private dry forest, at forest road, INW",Pulpwood; softwd; state or private dry forest; steep slope; at forest rd,1.3039466300218688e-08,m3,no matching provider with matching unit,False
cardboard,fa501a68-3e1d-3ef1-84a0-48eead282f98,"Pulpwood, softwd, avg, state or private moist forest, at forest rd, INW",Pulpwood; sftwd; state-private moist cold forest; steep slope; at forest rd,7.852355355596816e-08,m3,no matching provider with matching unit,False
cardboard,fa501a68-3e1d-3ef1-84a0-48eead282f98,"Pulpwood, softwd, avg, state or private moist forest, at forest rd, INW",Pulpwood; sftwd; state-private moist cold forest; gentle slope; at frst rd,1.8322162496392567e-07,m3,no matching provider with matching unit,False
cardboard,20b49008-b007-3407-95b0-92b796e5e2c0,"Pulpwood, softwood, national forest, average, at forest road, INW",Pulpwood; softwood; national forest; steep slope; at forest road,4.694745703785285e-08,m3,no matching provider with matching unit,False
cardboard,20b49008-b007-3407-95b0-92b796e5e2c0,"Pulpwood, softwood, national forest, average, at forest road, INW",Pulpwood; softwood; national forest; gentle slope; at forest road,4.694745703785285e-08,m3,no matching provider with matching unit,False
cardboard,a941c19b-ed3f-34a9-a91b-ee31e2d6ac18,"Planting, switchgrass, 2022",Planting,2.3155331410085966e-05,m2,no matching provider with matching unit,False
cardboard,a941c19b-ed3f-34a9-a91b-ee31e2d6ac18,"Planting, switchgrass, 2022","Grass seed IP, at regional storehouse",1.296698558964814e-08,kg,no matching provider with matching unit,False
cardboard,a40d4e00-67c2-3f4c-8c2b-1c67a28e6c5c,"Pesticide, switchgrass","2,4-D, at regional storehouse",1.1577665705042984e-09,kg,no matching provider with matching unit,False
cardboard,a40d4e00-67c2-3f4c-8c2b-1c67a28e6c5c,"Pesticide, switchgrass","Application of plant protection products, by field sprayer",2.3155331410085966e-05,m2,no matching provider with matching unit,False
cardboard,fef4bce7-747e-30a8-adea-c11de716b08b,"Fertilizer, switchgrass, 2022","Fertilising, by broadcaster",4.631066282017193e-05,m2,no matching provider with matching unit,False
cardboard,fef4bce7-747e-30a8-adea-c11de716b08b,"Fertilizer, switchgrass, 2022","Potassium chloride, as K2O, at regional storehouse",2.824950432030488e-07,kg,no matching provider with matching unit,False
cardboard,f3929bea-4d5f-4691-9aef-aa95392ba015,Hydrogen Fluoride Bridge; USLCI to USEEIO,Other basic inorganic chemicals,1.4107508289851023e-07,USD,no matching provider with matching unit,False
cardboard,226ed3c2-e020-4c95-b1fc-4559fc2d18ac,"Corrugated product, average production, at mill","Maize starch, at plant",0.019070819,kg,no matching provider with matching unit,False
cardboard,226ed3c2-e020-4c95-b1fc-4559fc2d18ac,"Corrugated product, average production, at mill","Adhesives and binders, at plant",0.001608429,kg,no matching provider with matching unit,False
cardboard,226ed3c2-e020-4c95-b1fc-4559fc2d18ac,"Corrugated product, average production, at mill",Sodium hydroxide; at plant,0.000550835,kg,no matching provider with matching unit,False
cardboard,226ed3c2-e020-4c95-b1fc-4559fc2d18ac,"Corrugated product, average production, at mill","Liquefied petroleum gas, at refinery",2.03e-06,m3,no matching provider with matching unit,False
cardboard,226ed3c2-e020-4c95-b1fc-4559fc2d18ac,"Corrugated product, average production, at mill","Gasoline, at refinery",2.56e-10,m3,no matching provider with matching unit,False
cardboard,226ed3c2-e020-4c95-b1fc-4559fc2d18ac,"Corrugated product, average production, at mill","Coating powder, at plant",0.000513365,kg,no matching provider with matching unit,False
cardboard,a1c4409b-9e9e-4f3b-bec0-f319fef1e3c5,Zeolite Bridge; USLCI to USEEIO,"Sand, gravel, clay, phosphate, other nonmetallic minerals",8.333187615160281e-09,USD,no matching provider with matching unit,False
cardboard,442ab5b5-32f4-4de0-9aa7-fa989b0579af,"Chemicals organic, at plant Bridge; USLCI to USEEIO",Other basic organic chemicals,3.089276026386565e-08,USD,no matching provider with matching unit,False
